id,nombre,tipo,dirección,ciudad,provincia,país,código_iso,latitud,longitud,descripción,motivo_inclusión,adaptaciones_sensoriales,certificación,nivel_verificación,web_oficial,url_oficial,fuente,fecha_verificación
REAL-001,Carrefour España — Hora silenciosa en todos sus centros,supermercado,,España (red nacional),,España,,40.4015,-3.6826,"Primera cadena en implantar la Hora Silenciosa en España (julio 2021). Sin música, sin megafonía salvo emergencias, reducción lumínica y sonido de cajas. Este pin es informativo — busca tu Carrefour más cercano en su web.",,,,Verificado - Documentación pública,,,https://autismo.org.es/actualidad/noticias/carrefour-espana-extiende-la-hora-silenciosa-a-favor-de-las-personas-con-autismo-e-hipersensibilidad-sensorial-a-sus-centros-carrefour-market/,2026-07-20
REAL-002a,Altoaragón — Huesca 1 (Ramón y Cajal),supermercado,,Huesca,,España,,42.1401,-0.4133,"Sin música, sin megafonía, reducción lumínica.",,,,Verificado - Documentación pública,,,https://www.igastroaragon.com/2024/04/supermercados-altoaragon-activa-la-hora-silenciosa-en-apoyo-a-las-personas-con-autismo-e-hipersensibilidad-sensorial.html,2026-07-20
REAL-002b,Altoaragón — Huesca 2 (Menéndez Pidal),supermercado,,Huesca,,España,,42.1368,-0.4089,"Sin música, sin megafonía, reducción lumínica.",,,,Verificado - Documentación pública,,,https://www.igastroaragon.com/2024/04/supermercados-altoaragon-activa-la-hora-silenciosa-en-apoyo-a-las-personas-con-autismo-e-hipersensibilidad-sensorial.html,2026-07-20
REAL-002c,Altoaragón — Huesca 3 (Zaragoza),supermercado,,Huesca,,España,,42.1385,-0.4097,"Sin música, sin megafonía, reducción lumínica.",,,,Verificado - Documentación pública,,,https://www.igastroaragon.com/2024/04/supermercados-altoaragon-activa-la-hora-silenciosa-en-apoyo-a-las-personas-con-autismo-e-hipersensibilidad-sensorial.html,2026-07-20
REAL-002d,Altoaragón — Huesca 4 (Pirineos),supermercado,,Huesca,,España,,42.145,-0.425,"Sin música, sin megafonía, reducción lumínica.",,,,Verificado - Documentación pública,,,https://www.igastroaragon.com/2024/04/supermercados-altoaragon-activa-la-hora-silenciosa-en-apoyo-a-las-personas-con-autismo-e-hipersensibilidad-sensorial.html,2026-07-20
REAL-002e,Altoaragón — Huesca 5 (Ramón J. Sender),supermercado,,Huesca,,España,,42.133,-0.4002,"Sin música, sin megafonía, reducción lumínica.",,,,Verificado - Documentación pública,,,https://www.igastroaragon.com/2024/04/supermercados-altoaragon-activa-la-hora-silenciosa-en-apoyo-a-las-personas-con-autismo-e-hipersensibilidad-sensorial.html,2026-07-20
REAL-002f,Altoaragón — Huesca 6 (Martínez de Velasco),supermercado,,Huesca,,España,,42.1355,-0.416,"Sin música, sin megafonía, reducción lumínica.",,,,Verificado - Documentación pública,,,https://www.igastroaragon.com/2024/04/supermercados-altoaragon-activa-la-hora-silenciosa-en-apoyo-a-las-personas-con-autismo-e-hipersensibilidad-sensorial.html,2026-07-20
REAL-002g,Altoaragón — Huesca 7 (Teruel),supermercado,,Huesca,,España,,42.131,-0.403,"Sin música, sin megafonía, reducción lumínica.",,,,Verificado - Documentación pública,,,https://www.igastroaragon.com/2024/04/supermercados-altoaragon-activa-la-hora-silenciosa-en-apoyo-a-las-personas-con-autismo-e-hipersensibilidad-sensorial.html,2026-07-20
REAL-002h,Altoaragón — Huesca 8 (Capuchinas),supermercado,,Huesca,,España,,42.142,-0.4108,"Sin música, sin megafonía, reducción lumínica.",,,,Verificado - Documentación pública,,,https://www.igastroaragon.com/2024/04/supermercados-altoaragon-activa-la-hora-silenciosa-en-apoyo-a-las-personas-con-autismo-e-hipersensibilidad-sensorial.html,2026-07-20
REAL-002i,Altoaragón — Barbastro 1 (Camino de la Barca),supermercado,,Barbastro,,España,,42.035,0.124,"Sin música, sin megafonía, reducción lumínica.",,,,Verificado - Documentación pública,,,https://www.igastroaragon.com/2024/04/supermercados-altoaragon-activa-la-hora-silenciosa-en-apoyo-a-las-personas-con-autismo-e-hipersensibilidad-sensorial.html,2026-07-20
REAL-002j,Altoaragón — Barbastro 2 (Federico García Lorca),supermercado,,Barbastro,,España,,42.033,0.1275,"Sin música, sin megafonía, reducción lumínica.",,,,Verificado - Documentación pública,,,https://www.igastroaragon.com/2024/04/supermercados-altoaragon-activa-la-hora-silenciosa-en-apoyo-a-las-personas-con-autismo-e-hipersensibilidad-sensorial.html,2026-07-20
REAL-002k,Altoaragón — Jaca 1 (Avda. Francia),supermercado,,Jaca,,España,,42.57,-0.552,"Sin música, sin megafonía, reducción lumínica.",,,,Verificado - Documentación pública,,,https://www.igastroaragon.com/2024/04/supermercados-altoaragon-activa-la-hora-silenciosa-en-apoyo-a-las-personas-con-autismo-e-hipersensibilidad-sensorial.html,2026-07-20
REAL-002l,Altoaragón — Jaca 2 (Correos),supermercado,,Jaca,,España,,42.568,-0.549,"Sin música, sin megafonía, reducción lumínica.",,,,Verificado - Documentación pública,,,https://www.igastroaragon.com/2024/04/supermercados-altoaragon-activa-la-hora-silenciosa-en-apoyo-a-las-personas-con-autismo-e-hipersensibilidad-sensorial.html,2026-07-20
REAL-002m,Altoaragón — Sabiñánigo 1 (Coli Escalona 10),supermercado,,Sabiñánigo,,España,,42.518,-0.363,"Sin música, sin megafonía, reducción lumínica.",,,,Verificado - Documentación pública,,,https://www.igastroaragon.com/2024/04/supermercados-altoaragon-activa-la-hora-silenciosa-en-apoyo-a-las-personas-con-autismo-e-hipersensibilidad-sensorial.html,2026-07-20
REAL-002n,Altoaragón — Sabiñánigo 2 (Coli Escalona 68),supermercado,,Sabiñánigo,,España,,42.5155,-0.36,"Sin música, sin megafonía, reducción lumínica.",,,,Verificado - Documentación pública,,,https://www.igastroaragon.com/2024/04/supermercados-altoaragon-activa-la-hora-silenciosa-en-apoyo-a-las-personas-con-autismo-e-hipersensibilidad-sensorial.html,2026-07-20
REAL-003,Centro Comercial Diagonal Mar,centro_comercial,,Barcelona,,España,,41.4107,2.2115,Implantó la hora silenciosa en abril 2024. Reducción de luz y música. Mochilas sensoriales en alquiler para visitantes.,,,,Verificado - Documentación pública,,,https://www.distribucionactualidad.com/hora-silenciosa-llega-mas-supermercados-y-centros-comerciales/,2026-07-20
REAL-004,Centro Comercial H2O — Hora de la Calma,centro_comercial,,Rivas-Vaciamadrid,,España,,40.3592,-3.5062,Reducción de iluminación y eliminación de música ambiental.,,,,Verificado - Documentación pública,,,https://www.distribucionactualidad.com/hora-silenciosa-llega-mas-supermercados-y-centros-comerciales/,2026-07-20
REAL-005,Centro Comercial Alcalá Magna,centro_comercial,,Alcalá de Henares,,España,,40.4831,-3.3626,Implantó la hora silenciosa en abril 2024 junto a otros centros comerciales.,,,,Verificado - Documentación pública,,,https://www.distribucionactualidad.com/hora-silenciosa-llega-mas-supermercados-y-centros-comerciales/,2026-07-20
REAL-A01,Aeropuerto Adolfo Suárez Madrid-Barajas,aeropuerto,,Madrid,,España,,40.4721,-3.5679,"Adherido al sistema de Distintivo de Discapacidad Invisible de AENA. Personal formado para asistir a personas con discapacidades no visibles (TEA, hipersensibilidad, ansiedad…). ⚠️ El lanyard Sunflower UK ya no es reconocido en aeropuertos AENA; usa el distintivo oficial.",,,,Verificado - Documentación pública,,,https://www.aena.es/es/pasajeros/viajeros/personas-con-necesidades-especiales/discapacidades-invisibles/distintivo-discapacidades-invisibles.html,2026-07-20
REAL-A02,Aeropuerto Josep Tarradellas Barcelona-El Prat,aeropuerto,,Barcelona,,España,,41.2974,2.0785,Adherido al Distintivo de Discapacidad Invisible de AENA. ⚠️ El lanyard Sunflower UK no es reconocido; usa el distintivo oficial de AENA.,,,,Verificado - Documentación pública,,,https://www.aena.es/es/pasajeros/viajeros/personas-con-necesidades-especiales/discapacidades-invisibles/distintivo-discapacidades-invisibles.html,2026-07-20
REAL-A03,Aeropuerto Málaga-Costa del Sol ✚ sala silenciosa,aeropuerto,,Málaga,,España,,36.6749,-4.4993,"Único aeropuerto AENA con sala silenciosa confirmada para personas con discapacidades invisibles y sensibilidad sensorial. Además del distintivo AENA, cuenta con este espacio de baja estimulación.",,,,Verificado - Documentación pública,,,https://aviaciondigital.com/papel-distintivo-capacidades-invisibles-aeropuertos/,2026-07-20
REAL-A04,Aeropuerto Alicante-Elche Miguel Hernández + sala sensorial,aeropuerto,,Alicante,,España,,38.2822,-0.5581,Aeropuerto AENA con Distintivo de Discapacidad Invisible. Solicita el distintivo antes del vuelo.,,,,Verificado - Documentación pública,,,https://www.aena.es/es/pasajeros/viajeros/personas-con-necesidades-especiales/discapacidades-invisibles/distintivo-discapacidades-invisibles.html,2026-07-20
REAL-A05,Aeropuerto de Sevilla,aeropuerto,,Sevilla,,España,,37.418,-5.8931,Aeropuerto AENA con Distintivo de Discapacidad Invisible.,,,,Verificado - Documentación pública,,,https://www.aena.es/es/pasajeros/viajeros/personas-con-necesidades-especiales/discapacidades-invisibles/distintivo-discapacidades-invisibles.html,2026-07-20
REAL-A06,Aeropuerto de Valencia,aeropuerto,,Valencia,,España,,39.4893,-0.4733,Aeropuerto AENA con Distintivo de Discapacidad Invisible.,,,,Verificado - Documentación pública,,,https://www.aena.es/es/pasajeros/viajeros/personas-con-necesidades-especiales/discapacidades-invisibles/distintivo-discapacidades-invisibles.html,2026-07-20
REAL-A07,Aeropuerto de Palma de Mallorca,aeropuerto,,Palma de Mallorca,,España,,39.5517,2.7388,Aeropuerto AENA con Distintivo de Discapacidad Invisible.,,,,Verificado - Documentación pública,,,https://www.aena.es/es/pasajeros/viajeros/personas-con-necesidades-especiales/discapacidades-invisibles/distintivo-discapacidades-invisibles.html,2026-07-20
REAL-A08,Aeropuerto de Bilbao,aeropuerto,,Bilbao,,España,,43.3009,-2.9112,Aeropuerto AENA con Distintivo de Discapacidad Invisible.,,,,Verificado - Documentación pública,,,https://www.aena.es/es/pasajeros/viajeros/personas-con-necesidades-especiales/discapacidades-invisibles/distintivo-discapacidades-invisibles.html,2026-07-20
REAL-A09,Aeropuerto César Manrique-Lanzarote,aeropuerto,,Lanzarote,,España,,28.9455,-13.6052,Aeropuerto AENA con Distintivo de Discapacidad Invisible. Solicita el distintivo antes del vuelo en la web de AENA.,,,,Verificado - Documentación pública,,,https://www.aena.es/es/pasajeros/viajeros/personas-con-necesidades-especiales/discapacidades-invisibles/distintivo-discapacidades-invisibles.html,2026-07-20
REAL-A10,Aeropuerto de Fuerteventura,aeropuerto,,Fuerteventura,,España,,28.4527,-13.8638,Aeropuerto AENA con Distintivo de Discapacidad Invisible.,,,,Verificado - Documentación pública,,,https://www.aena.es/es/pasajeros/viajeros/personas-con-necesidades-especiales/discapacidades-invisibles/distintivo-discapacidades-invisibles.html,2026-07-20
REAL-A11,Aeropuerto de Girona-Costa Brava,aeropuerto,,Girona,,España,,41.901,2.7604,Aeropuerto AENA con Distintivo de Discapacidad Invisible.,,,,Verificado - Documentación pública,,,https://www.aena.es/es/pasajeros/viajeros/personas-con-necesidades-especiales/discapacidades-invisibles/distintivo-discapacidades-invisibles.html,2026-07-20
REAL-A12,Aeropuerto de Gran Canaria,aeropuerto,,Gran Canaria,,España,,27.9319,-15.3866,Aeropuerto AENA con Distintivo de Discapacidad Invisible.,,,,Verificado - Documentación pública,,,https://www.aena.es/es/pasajeros/viajeros/personas-con-necesidades-especiales/discapacidades-invisibles/distintivo-discapacidades-invisibles.html,2026-07-20
REAL-A13,Aeropuerto de Ibiza,aeropuerto,,Ibiza,,España,,38.8729,1.3731,Aeropuerto AENA con Distintivo de Discapacidad Invisible.,,,,Verificado - Documentación pública,,,https://www.aena.es/es/pasajeros/viajeros/personas-con-necesidades-especiales/discapacidades-invisibles/distintivo-discapacidades-invisibles.html,2026-07-20
REAL-A14,Aeropuerto Internacional Región de Murcia,aeropuerto,,Murcia,,España,,37.8035,-1.0172,Aeropuerto AENA con Distintivo de Discapacidad Invisible.,,,,Verificado - Documentación pública,,,https://www.aena.es/es/pasajeros/viajeros/personas-con-necesidades-especiales/discapacidades-invisibles/distintivo-discapacidades-invisibles.html,2026-07-20
REAL-A15,Aeropuerto de Menorca,aeropuerto,,Menorca,,España,,39.8626,4.2186,Aeropuerto AENA con Distintivo de Discapacidad Invisible.,,,,Verificado - Documentación pública,,,https://www.aena.es/es/pasajeros/viajeros/personas-con-necesidades-especiales/discapacidades-invisibles/distintivo-discapacidades-invisibles.html,2026-07-20
REAL-A16,Aeropuerto de Reus,aeropuerto,,Reus,,España,,41.1474,1.1672,Aeropuerto AENA con Distintivo de Discapacidad Invisible.,,,,Verificado - Documentación pública,,,https://www.aena.es/es/pasajeros/viajeros/personas-con-necesidades-especiales/discapacidades-invisibles/distintivo-discapacidades-invisibles.html,2026-07-20
REAL-A17,Aeropuerto Santiago-Rosalía de Castro,aeropuerto,,Santiago de Compostela,,España,,42.8963,-8.4154,Aeropuerto AENA con Distintivo de Discapacidad Invisible.,,,,Verificado - Documentación pública,,,https://www.aena.es/es/pasajeros/viajeros/personas-con-necesidades-especiales/discapacidades-invisibles/distintivo-discapacidades-invisibles.html,2026-07-20
REAL-A18,Aeropuerto Tenerife Norte-Ciudad de La Laguna,aeropuerto,,Tenerife Norte,,España,,28.4827,-16.3415,Aeropuerto AENA con Distintivo de Discapacidad Invisible.,,,,Verificado - Documentación pública,,,https://www.aena.es/es/pasajeros/viajeros/personas-con-necesidades-especiales/discapacidades-invisibles/distintivo-discapacidades-invisibles.html,2026-07-20
REAL-A19,Aeropuerto Tenerife Sur,aeropuerto,,Tenerife Sur,,España,,28.0445,-16.5725,Aeropuerto AENA con Distintivo de Discapacidad Invisible.,,,,Verificado - Documentación pública,,,https://www.aena.es/es/pasajeros/viajeros/personas-con-necesidades-especiales/discapacidades-invisibles/distintivo-discapacidades-invisibles.html,2026-07-20
REAL-A20,Aeropuerto de Vigo,aeropuerto,,Vigo,,España,,42.2318,-8.6268,Aeropuerto AENA con Distintivo de Discapacidad Invisible.,,,,Verificado - Documentación pública,,,https://www.aena.es/es/pasajeros/viajeros/personas-con-necesidades-especiales/discapacidades-invisibles/distintivo-discapacidades-invisibles.html,2026-07-20
REAL-S01,Red Hidden Disabilities Sunflower — España,sunflower,,España,,España,,40.42,-3.7038,"Comercios, transportes y servicios adheridos al programa Sunflower en España. El personal reconoce el cordón de girasol y ofrece ayuda discreta a personas con discapacidades invisibles (TEA, autismo, ansiedad, Crohn, etc.). ⚠️ En aeropuertos AENA el lanyard Sunflower UK no es suficiente; usa el Distintivo de Discapacidad Invisible de AENA.",,,,Verificado - Documentación pública,,,https://hdsunflower.com/find-the-sunflower,2026-07-20
REAL-006,Biblioteca/CRAI UPF — Espacios de Silencio (3 campus),biblioteca,,Barcelona,,España,,41.3851,2.1833,"La UPF ofrece espacios de silencio en 3 campus: Ciutadella (665 puntos), Poblenou (114) y Mar (149). Zonas de silencio estricto.",,,,Verificado - Documentación pública,,,https://www.upf.edu/es/web/biblioteca-informatica/espais/-/asset_publisher/qVFQ3NDE1dHm/content/000_model-d-espais/maximized,2026-07-20
REAL-007,CRAI URV — Silent Space,biblioteca,,Tarragona,,España,,41.1189,1.1528,El CRAI de la Universitat Rovira i Virgili dispone de 'Silent Spaces' para estudio y lectura en silencio.,,,,Verificado - Documentación pública,,,https://www.crai.urv.cat/en/about/spaces/silent-space/,2026-07-20
REAL-008,Biblioteca UCM Económicas — 'La Cápsula',biblioteca,,Pozuelo de Alarcón,,España,,40.453,-3.8014,"Cabina insonorizada (−30 dB) instalada en oct. 2023. Mesa y silla regulables, luz y ventilación controlables, USB-C. Aislamiento sensorial total.",,,,Verificado - Documentación pública,,,https://www.julianmarquina.es/biblioteca-universitaria-instala-una-cabina-insonorizada-para-estudio-sin-distracciones/,2026-07-20
REAL-009,Plaza de Sant Jordi (Reus),espacio_natural,,Reus,,España,,41.1622409,1.1100044,Parque urbano extenso con jardines y masía modernista. Ambiente relajado y bajo nivel de ruido habitual.,,,,Verificado - Documentación pública,,,https://www.visitreus.com/,2026-07-20
REAL-010,Torre de Hércules y entorno,espacio_natural,,A Coruña,,España,,43.3870534,-8.4049866,Faro romano Patrimonio de la Humanidad. El paseo perimetral y acantilados están siempre abiertos y ofrecen gran tranquilidad con vistas al Atlántico.,,,,Verificado - Documentación pública,,,https://www.torredeherculesacoruna.com/,2026-07-20
REAL-011,Monte de San Pedro,espacio_natural,,A Coruña,,España,,43.3771472,-8.4363556,Parque en cima de monte con antiguas baterías militares reconvertidas. Sin tráfico rodado. Vistas panorámicas de la ría.,,,,Verificado - Documentación pública,,,https://www.coruna.gal/parques/es/detalle/monte-de-san-pedro/,2026-07-20
REAL-012,Parque de Santa Margarita,espacio_natural,,A Coruña,,España,,43.3619444,-8.4127778,"El parque más grande de A Coruña. Amplias zonas arboladas, lago y áreas apartadas con bajo nivel de ruido.",,,,Verificado - Documentación pública,,,https://www.coruna.gal/parques/es/detalle/parque-de-santa-margarita/,2026-07-20
REAL-013,Ventana del Atlántico,espacio_natural,,A Coruña,,España,,43.3708889,-8.4461389,Mirador sobre el Atlántico en el paseo marítimo. Bajo nivel de estimulación sensorial artificial.,,,,Verificado - Documentación pública,,,https://www.turismo.coruna.es/,2026-07-20
REAL-014,Castillo de Santa Cruz de Oleiros,espacio_natural,,Oleiros,,España,,43.3483333,-8.35,Castillo s. XVII en isla accesible a pie con marea baja. Entorno de baja afluencia con sonido del mar y aves.,,,,Verificado - Documentación pública,,,https://www.oleiros.org/web/es/turismo,2026-07-20
REAL-015,Fragas do Eume,espacio_natural,,Pontedeume / Cabanas,,España,,43.4175,-8.0683333,Uno de los bosques atlánticos mejor conservados de Europa. Silencio casi total: solo agua del río y pájaros. Ideal para personas con hipersensibilidad sensorial.,,,,Verificado - Documentación pública,,,https://www.xunta.gal/parques-naturais/fraga-do-eume,2026-07-20
REAL-016,Río Sar — Paseo fluvial,espacio_natural,,Santiago de Compostela,,España,,42.8481,-8.6475,"Paseo fluvial a orillas del río Sar a su paso por Santiago de Compostela. Entorno tranquilo y arbolado, bajo nivel de estimulación sensorial artificial, con el sonido del agua como único estímulo predominante.",,,,Verificado - Documentación pública,,,https://www.turismo.gal/que-visitar/natureza/rios-e-lagoas/rio-sar,2026-07-20
SUN-001,Teleférico Benalmádena,sunflower,,Benalmádena,,España,,36.5987,-4.5197,Teleférico panorámico adherido al programa Hidden Disabilities Sunflower. El personal reconoce el cordón de girasol y está formado para asistir a personas con discapacidades invisibles.,,,,Verificado - Documentación pública,,,https://hdsunflower.com/find-the-sunflower,2026-07-20
SUN-002,Zoo Aquarium Madrid,sunflower,,Madrid,,España,,40.415,-3.7481,Zoo Aquarium adherido al programa Hidden Disabilities Sunflower. Personal formado para reconocer el cordón de girasol y ofrecer apoyo discreto.,,,,Verificado - Documentación pública,,,https://hdsunflower.com/find-the-sunflower,2026-07-20
SUN-003,Faunia,sunflower,,Madrid,,España,,40.421,-3.6017,Parque de naturaleza y fauna adherido al programa Hidden Disabilities Sunflower.,,,,Verificado - Documentación pública,,,https://hdsunflower.com/find-the-sunflower,2026-07-20
SUN-004,Aquopolis Cartaya,sunflower,,Cartaya,,España,,37.274,-7.148,Parque acuático adherido al programa Hidden Disabilities Sunflower. Personal formado para asistir a personas con discapacidades invisibles.,,,,Verificado - Documentación pública,,,https://hdsunflower.com/find-the-sunflower,2026-07-20
SUN-005,Aquopolis Costa Daurada – La Pineda,sunflower,,Vilaseca (Tarragona),,España,,41.075,1.177,Parque acuático adherido al programa Hidden Disabilities Sunflower.,,,,Verificado - Documentación pública,,,https://hdsunflower.com/find-the-sunflower,2026-07-20
SUN-006,Aquopolis Cullera,sunflower,,Cullera,,España,,39.17,-0.253,Parque acuático adherido al programa Hidden Disabilities Sunflower.,,,,Verificado - Documentación pública,,,https://hdsunflower.com/find-the-sunflower,2026-07-20
SUN-007,Aquopolis Torrevieja,sunflower,,Torrevieja,,España,,37.976,-0.689,Parque acuático adherido al programa Hidden Disabilities Sunflower.,,,,Verificado - Documentación pública,,,https://hdsunflower.com/find-the-sunflower,2026-07-20
SUN-008,Aquopolis Villanueva de la Cañada,sunflower,,Villanueva de la Cañada,,España,,40.455,-3.98,Parque acuático adherido al programa Hidden Disabilities Sunflower.,,,,Verificado - Documentación pública,,,https://hdsunflower.com/find-the-sunflower,2026-07-20
SUN-009,Selwo Aventura Estepona,sunflower,,Estepona,,España,,36.435,-5.167,Parque de naturaleza salvaje adherido al programa Hidden Disabilities Sunflower. Personal formado para asistir a personas con discapacidades invisibles.,,,,Verificado - Documentación pública,,,https://hdsunflower.com/find-the-sunflower,2026-07-20
SUN-010,Selwo Marina Benalmádena,sunflower,,Benalmádena,,España,,36.597,-4.518,Parque marino adherido al programa Hidden Disabilities Sunflower.,,,,Verificado - Documentación pública,,,https://hdsunflower.com/find-the-sunflower,2026-07-20
SUN-011,IES Tomás Navarro Tomás (Albacete),sunflower,,Albacete,,España,,38.994,-1.866,Instituto de educación secundaria adherido al programa Hidden Disabilities Sunflower. Comunidad educativa formada para reconocer y apoyar a alumnos con discapacidades invisibles.,,,,Verificado - Documentación pública,,,https://hdsunflower.com/find-the-sunflower,2026-07-20
SUN-012,Asociación Autismo El Puerto,sunflower,,El Puerto de Santa María,,España,,36.598,-6.229,Asociación de apoyo a personas con TEA adherida al programa Hidden Disabilities Sunflower. Ofrece servicios y apoyo a personas con autismo y sus familias.,,,,Verificado - Documentación pública,,,https://hdsunflower.com/find-the-sunflower,2026-07-20
SUN-013,Gibraltar Airport,sunflower,,Gibraltar,,España,,36.1502,-5.3497,"Aeropuerto de Gibraltar adherido al programa Hidden Disabilities Sunflower. A diferencia de los aeropuertos AENA españoles, aquí sí se reconoce el cordón de girasol oficial.",,,,Verificado - Documentación pública,,,https://hdsunflower.com/find-the-sunflower,2026-07-20
SUN-014,Special Needs Action Group (Gibraltar),sunflower,,Gibraltar,,España,,36.146,-5.352,"Organización de apoyo a personas con necesidades especiales en Gibraltar, adherida al programa Hidden Disabilities Sunflower.",,,,Verificado - Documentación pública,,,https://hdsunflower.com/find-the-sunflower,2026-07-20
SUN-015,"Bolt Support (Lisboa, Portugal)",sunflower,,Lisboa,,España,,38.726,-9.15,"Servicio en Lisboa adherido al programa Hidden Disabilities Sunflower. Este lugar está en Portugal, fuera del territorio español, pero se incluye por su proximidad geográfica y por estar listado en el directorio oficial de Sunflower.",,,,Verificado - Documentación pública,,,https://hdsunflower.com/find-the-sunflower,2026-07-20
SUN-016,Atlantis Aquarium Madrid,sunflower,,Arroyomolinos,,España,,40.2989,-3.924,"Acuario del grupo Parques Reunidos adherido a Hidden Disabilities Sunflower desde el 3 de abril de 2025, primera empresa en España en unirse a la iniciativa.",,,,Verificado - Documentación pública,,,https://hdsunflower.com/find-the-sunflower,2026-07-20
REAL-018,Sweet Space Museum,cultura,,Madrid,,España,,40.4291,-3.687,Museo interactivo de arte inmersivo y dulces con Sello Autism Friendly. Recorrido por salas temáticas con exposiciones de artistas. Adaptado para personas con TEA.,,,,Verificado - Documentación pública,,,https://todoestaenmadrid.com/es/shops/sweet-space-museum,2026-07-20
REAL-017,Novotel Madrid Center — Hotel Autism Friendly,hotel,,Madrid,,España,,40.4237,-3.6873,"Primer hotel de Madrid certificado Autism Friendly. Apoyo visual con pictogramas (SAAC), personal formado con el programa EU Autism Friendly Training, check-in prioritario, mesas preferentes, kit sensorial, zona tranquila en recepción y cartas adaptadas con pictogramas en restaurante y room service.",,,,Verificado - Documentación pública,,,https://www.novotelmadridcenter.com/home-v2/csr/autism-friendly/,2026-07-20
REAL-020,GF Victoria Gran Luxe — Hotel Autism Friendly,hotel,,Costa Adeje,,España,,28.0857,-16.7291,"Resort 5 estrellas GL con programa Autism Friendly propio: formulario previo a la estancia, equipo formado, entorno predecible, mapa visual del hotel y atención personalizada en comunicación, estímulos y rutina.",,,,Verificado - Documentación pública,,,https://www.gfvictoria.com/autism-friendly.html,2026-07-20
AFC-001,Hotel Boutique San Roque,hotel,,San Juan del Reparo (La Culata),,España,,28.3743112,-16.7642914,Hotel boutique certificado en Autism Friendly Club.,,,,Verificado - Documentación pública,,,https://autismfriendlyclub.com/sitios/spain/canary-islands/san-juan-del-reparo-la-culata/alojamientos/hotel-boutique-san-roque/,2026-07-20
AFC-002,Hotel María del Mar,hotel,,Lloret de Mar,,España,,41.6997733,2.8418656,Hotel certificado en Autism Friendly Club.,,,,Verificado - Documentación pública,,,https://autismfriendlyclub.com/sitios/spain/catalonia/lloret-de-mar/alojamientos/hotel-maria-del-mar/,2026-07-20
AFC-003,La Didáctica,cultura,,Colmenar Viejo,,España,,40.6654175,-3.7712863,"Asociación cultural, deportiva y recreativa certificada en Autism Friendly Club.",,,,Verificado - Documentación pública,,,https://autismfriendlyclub.com/sitios/spain/community-of-madrid/colmenar-viejo/ocio/la-didactica-ocio-madrid/,2026-07-20
AFC-004,Sermade,centro_civico,,Comunidad de Ciudad y Tierra de Segovia,,España,,40.4496011,-4.0082653,"Servicio especializado en atención odontológica para colectivos con necesidades especiales, certificado en Autism Friendly Club.",,,,Verificado - Documentación pública,,,https://autismfriendlyclub.com/sitios/spain/community-of-madrid/comunidad-de-ciudad-y-tierra-de-segovia/salud/sermade/,2026-07-20
AFC-005,Grupo Rubaiyat,cultura,,Madrid,,España,,40.4607672,-3.6867845,Restaurante certificado como Autism Friendly.,,,,Verificado - Documentación pública,,,https://autismfriendlyclub.com/sitios/spain/community-of-madrid/madrid/restaurantes/restaurante-rubaiyat-restaurante-autism-friendly/,2026-07-20
AFC-006,Farmacia Peinado,centro_civico,,Madrid,,España,,40.4402177,-3.6439998,Farmacia comunitaria certificada en Autism Friendly Club.,,,,Verificado - Documentación pública,,,https://autismfriendlyclub.com/sitios/spain/community-of-madrid/madrid/salud/farmacia-peinado/,2026-07-20
AFC-007,Centro Munay,centro_civico,,Soto del Real,,España,,40.7466453,-3.7825502,Centro especializado en intervención y acompañamiento a personas autistas y sus familias.,,,,Verificado - Documentación pública,,,https://autismfriendlyclub.com/sitios/spain/community-of-madrid/soto-del-real/salud/centro-munay/,2026-07-20
AFC-008,Safari Madrid,cultura,,Madrid,,España,,40.289,-4.209,Espacio de ocio certificado en Autism Friendly Club.,,,,Verificado - Documentación pública,,,https://autismfriendlyclub.com/sitios/spain/comunidad-de-madrid/madrid-1/ocio/safari-madrid-autism-friendly/,2026-07-20
AFC-009,Adecco Group,centro_civico,,Madrid,,España,,40.4456,-5.8072,"Compañía internacional de empleo y talento, certificada en Autism Friendly Club.",,,,Verificado - Documentación pública,,,https://autismfriendlyclub.com/sitios/spain/comunidad-de-madrid/madrid-1/otros-servicios/adecco-group/,2026-07-20
AFC-010,Fundación Adecco,centro_civico,,Madrid,,España,,40.4449,-3.6786,"Fundación orientada a la inclusión laboral y social, certificada en Autism Friendly Club.",,,,Verificado - Documentación pública,,,https://autismfriendlyclub.com/sitios/spain/comunidad-de-madrid/madrid-1/otros-servicios/fundacion-adecco/,2026-07-20
AFC-011,PELUQUERÍA PABLETES Málaga,centro_civico,,Málaga,,España,,36.7246475,-4.4612217,Establecimiento certificado en Autism Friendly Club.,,,,Verificado - Documentación pública,,,https://autismfriendlyclub.com/sitios/spain/andalusia/malaga/comercio/peluqueria-pabletes-malaga/,2026-07-20
AFC-012,COFERDROZA,centro_civico,,Zaragoza,,España,,41.8872756,-0.7628973,Establecimiento certificado en Autism Friendly Club.,,,,Verificado - Documentación pública,,,https://autismfriendlyclub.com/sitios/spain/aragon/zaragoza/comercio/coferdroza/,2026-07-20
AFC-013,SAONA ACTUR,cultura,,Zaragoza,,España,,41.6702146,-0.888991,Establecimiento certificado en Autism Friendly Club.,,,,Verificado - Documentación pública,,,https://autismfriendlyclub.com/sitios/spain/aragon/zaragoza/restaurantes/saona-actur-zaragoza/,2026-07-20
AFC-014,RESTAURANTE GORBEA,cultura,,Bilbao,,España,,43.2582673,-2.9254476,Establecimiento certificado en Autism Friendly Club.,,,,Verificado - Documentación pública,,,https://autismfriendlyclub.com/sitios/spain/autonomous-community-of-the-basque-country/bilbao/restaurantes/restaurante-gorbea/,2026-07-20
AFC-015,SAONA BILBAO HENAO,cultura,,Bilbao,,España,,43.2654175,-2.9350079,Establecimiento certificado en Autism Friendly Club.,,,,Verificado - Documentación pública,,,https://autismfriendlyclub.com/sitios/spain/autonomous-community-of-the-basque-country/bilbao/restaurantes/saona-bilbao-henao/,2026-07-20
AFC-016,CENTRO BIZIRIK,centro_civico,,Bilbao,,España,,43.2652971,-2.9302885,Establecimiento certificado en Autism Friendly Club.,,,,Verificado - Documentación pública,,,https://autismfriendlyclub.com/sitios/spain/autonomous-community-of-the-basque-country/bilbao/salud/centro-bizirik/,2026-07-20
AFC-017,ARKABIA Centro Cultural Autism Friendly,centro_civico,,Vitoria-Gasteiz,,España,,42.845961772892764,-2.6706539468861883,Establecimiento certificado en Autism Friendly Club.,,,,Verificado - Documentación pública,,,https://autismfriendlyclub.com/sitios/spain/autonomous-community-of-the-basque-country/vitoria-gasteiz/otros-servicios/arkabia/,2026-07-20
AFC-018,Ferretería CA´N LÓPEZ,centro_civico,,Binissalem,,España,,39.6890373,2.8405953,Establecimiento certificado en Autism Friendly Club.,,,,Verificado - Documentación pública,,,https://autismfriendlyclub.com/sitios/spain/balearic-islands/binissalem/comercio/ferreteria-can-lopez/,2026-07-20
AFC-019,PELUQUERÍA PABLETES Las Palmas,centro_civico,,Las Palmas de Gran Canaria,,España,,28.1021118,-15.4170396,Establecimiento certificado en Autism Friendly Club.,,,,Verificado - Documentación pública,,,https://autismfriendlyclub.com/sitios/spain/canarias/las-palmas-de-gran-canaria/comercio/pabletes-las-palmas/,2026-07-20
AFC-020,HOTEL PARADISE,hotel,,Santa Cruz de Tenerife,,España,,28.0537365,-16.705884,Establecimiento certificado en Autism Friendly Club.,,,,Verificado - Documentación pública,,,https://autismfriendlyclub.com/sitios/spain/canarias/santa-cruz-de-tenerife/alojamientos/hotel-paradise/,2026-07-20
AFC-021,PELUQUERÍA PABLETES Santander,centro_civico,,Santander,,España,,43.4452793,-3.8544236,Establecimiento certificado en Autism Friendly Club.,,,,Verificado - Documentación pública,,,https://autismfriendlyclub.com/sitios/spain/cantabria/santander/comercio/peluqueria-pabletes-santander/,2026-07-20
AFC-022,MONTAJES ELÉCTRICOS DIEGO DÍEZ,centro_civico,,Ávila,,España,,40.6515797,-4.6865171,Establecimiento certificado en Autism Friendly Club.,,,,Verificado - Documentación pública,,,https://autismfriendlyclub.com/sitios/spain/castile-and-leon/avila/comercio/montajes-electricos-diego-diez/,2026-07-20
AFC-023,SAONA ALBACETE,cultura,,Albacete,,España,,38.9909658,-1.8539396,Establecimiento certificado en Autism Friendly Club.,,,,Verificado - Documentación pública,,,https://autismfriendlyclub.com/sitios/spain/castile-la-mancha/albacete/restaurantes/saona-albacete/,2026-07-20
AFC-024,PELUQUERÍA PABLETES Illescas,centro_civico,,Illescas,,España,,40.1229294,-3.8455405,Establecimiento certificado en Autism Friendly Club.,,,,Verificado - Documentación pública,,,https://autismfriendlyclub.com/sitios/spain/castile-la-mancha/illescas/comercio/peluqueria-pabletes-illescas/,2026-07-20
AFC-025,CASA LAS TUYAS,hotel,,Palazuelos de Eresma,,España,,40.9295347,-4.0615478,Establecimiento certificado en Autism Friendly Club.,,,,Verificado - Documentación pública,,,https://autismfriendlyclub.com/sitios/spain/castilla-y-leon/palazuelos-de-eresma/alojamientos/casa-tuyas/,2026-07-20
AFC-026,MIS CUATRO ESTACIONES,hotel,,Sotos de Sepúlveda,,España,,41.2693163,-3.5682541,Establecimiento certificado en Autism Friendly Club.,,,,Verificado - Documentación pública,,,https://autismfriendlyclub.com/sitios/spain/castilla-y-leon/sotos-de-sepulveda/alojamientos/mis-4-estaciones/,2026-07-20
AFC-027,SAONA BADALONA,cultura,,Badalona,,España,,41.4483235,2.2418386,Establecimiento certificado en Autism Friendly Club.,,,,Verificado - Documentación pública,,,https://autismfriendlyclub.com/sitios/spain/catalonia/badalona/restaurantes/saona-badalona/,2026-07-20
AFC-028,Nectarí Restaurante (Jordi Esteve),cultura,,Barcelona,,España,,41.3799477,2.1466305,Establecimiento certificado en Autism Friendly Club.,,,,Verificado - Documentación pública,,,https://autismfriendlyclub.com/sitios/spain/cataluna/barcelona/restaurantes/nectari-restaurante-jordi-esteve/,2026-07-20
AFC-029,SAONA ARIBAU,cultura,,Barcelona,,España,,41.3918348,2.1546212,Establecimiento certificado en Autism Friendly Club.,,,,Verificado - Documentación pública,,,https://autismfriendlyclub.com/sitios/spain/cataluna/barcelona/restaurantes/saona-aribau/,2026-07-20
AFC-030,SAONA CAN SEGALAR,cultura,,Barcelona,,España,,41.3884861,2.1321314,Establecimiento certificado en Autism Friendly Club.,,,,Verificado - Documentación pública,,,https://autismfriendlyclub.com/sitios/spain/cataluna/barcelona/restaurantes/saona-can-segalar/,2026-07-20
AFC-031,SAONA EIXAMPLE,cultura,,Barcelona,,España,,41.3953336,2.1666821,Establecimiento certificado en Autism Friendly Club.,,,,Verificado - Documentación pública,,,https://autismfriendlyclub.com/sitios/spain/cataluna/barcelona/restaurantes/saona-eixample/,2026-07-20
AFC-032,ATRIA LEGAL,centro_civico,,Girona,,España,,41.9790599,2.82153,Establecimiento certificado en Autism Friendly Club.,,,,Verificado - Documentación pública,,,https://autismfriendlyclub.com/sitios/spain/cataluna/girona/otros-servicios/atria-legal/,2026-07-20
AFC-033,IFIS EDUCACION,centro_civico,,Madrid,,España,,40.4044,-3.6997,Establecimiento certificado en Autism Friendly Club.,,,,Verificado - Documentación pública,,,https://autismfriendlyclub.com/sitios/spain/community-of-madrid/madrid/educacion/ifis-educacion/,2026-07-20
AFC-034,BARBILLON,cultura,,Madrid,,España,,40.4673063,-3.7934116,Establecimiento certificado en Autism Friendly Club.,,,,Verificado - Documentación pública,,,https://autismfriendlyclub.com/sitios/spain/community-of-madrid/madrid/restaurantes/barbillon/,2026-07-20
AFC-035,PAPAGENA RESTAURANTE,cultura,,Madrid,,España,,40.4181522,-3.709463,Establecimiento certificado en Autism Friendly Club.,,,,Verificado - Documentación pública,,,https://autismfriendlyclub.com/sitios/spain/community-of-madrid/madrid/restaurantes/papagena-restaurante-centro-madrid/,2026-07-20
AFC-036,El Quenco de Pepa Restaurante Autism Friendly,cultura,,Madrid,,España,,40.4600763,-3.6845477,Establecimiento certificado en Autism Friendly Club.,,,,Verificado - Documentación pública,,,https://autismfriendlyclub.com/sitios/spain/community-of-madrid/madrid/restaurantes/quenco-pepa-autism-friendly/,2026-07-20
AFC-037,PANORAMA BAR RESTAURANTE MADRID,cultura,,Majadahonda,,España,,40.4620923,-3.8601725,Establecimiento certificado en Autism Friendly Club.,,,,Verificado - Documentación pública,,,https://autismfriendlyclub.com/sitios/spain/community-of-madrid/majadahonda/restaurantes/panorama-bar-restaurante/,2026-07-20
AFC-038,RESTAURANTE TINGLADO,cultura,,Boadilla del Monte,,España,,40.4067787,-3.9010444,Establecimiento certificado en Autism Friendly Club.,,,,Verificado - Documentación pública,,,https://autismfriendlyclub.com/sitios/spain/comunidad-de-madrid/boadilla-del-monte/restaurantes/tinglado-bar/,2026-07-20
AFC-039,PELUQUERÍA PABLETES Las Rozas,centro_civico,,Las Rozas,,España,,40.5355271,-3.8982076,Establecimiento certificado en Autism Friendly Club.,,,,Verificado - Documentación pública,,,https://autismfriendlyclub.com/sitios/spain/comunidad-de-madrid/las-rozas/comercio/peluqueria-pabletes-las-rozas/,2026-07-20
AFC-040,BENDITA TENTACIÓN,centro_civico,,Madrid,,España,,40.425528,-3.7042392,Establecimiento certificado en Autism Friendly Club.,,,,Verificado - Documentación pública,,,https://autismfriendlyclub.com/sitios/spain/comunidad-de-madrid/madrid-1/comercio/bentida-tentacion/,2026-07-20
AFC-041,Mercado de ventas,centro_civico,,Madrid,,España,,40.4330596,-3.6570003,Establecimiento certificado en Autism Friendly Club.,,,,Verificado - Documentación pública,,,https://autismfriendlyclub.com/sitios/spain/comunidad-de-madrid/madrid-1/comercio/mercado-de-ventas/,2026-07-20
AFC-042,PELUQUERÍA PABLETES Alcalá de Henares,centro_civico,,Madrid,,España,,40.4952307,-3.3740397,Establecimiento certificado en Autism Friendly Club.,,,,Verificado - Documentación pública,,,https://autismfriendlyclub.com/sitios/spain/comunidad-de-madrid/madrid-1/comercio/peluqueria-pabletes-alcala-henares/,2026-07-20
AFC-043,PELUQUERÍA PABLETES Hortaleza,centro_civico,,Madrid,,España,,40.4696124,-3.641015,Establecimiento certificado en Autism Friendly Club.,,,,Verificado - Documentación pública,,,https://autismfriendlyclub.com/sitios/spain/comunidad-de-madrid/madrid-1/comercio/peluqueria-pabletes-hortaleza/,2026-07-20
AFC-044,PELUQUERÍA PABLETES Mirasierra,centro_civico,,Madrid,,España,,40.4869821,-3.7194444,Establecimiento certificado en Autism Friendly Club.,,,,Verificado - Documentación pública,,,https://autismfriendlyclub.com/sitios/spain/comunidad-de-madrid/madrid-1/comercio/peluqueria-pabletes-mirasierra/,2026-07-20
AFC-045,PELUQUERÍA PABLETES La Moraleja,centro_civico,,Madrid,,España,,40.5271716,-3.6214221,Establecimiento certificado en Autism Friendly Club.,,,,Verificado - Documentación pública,,,https://autismfriendlyclub.com/sitios/spain/comunidad-de-madrid/madrid-1/comercio/peluqueria-pabletes-moraleja/,2026-07-20
AFC-046,PELUQUERÍA PABLETES Torrejón de Ardoz,centro_civico,,Madrid,,España,,40.4578051,-3.4619371,Establecimiento certificado en Autism Friendly Club.,,,,Verificado - Documentación pública,,,https://autismfriendlyclub.com/sitios/spain/comunidad-de-madrid/madrid-1/comercio/peluqueria-pabletes-torrejon-ardoz/,2026-07-20
AFC-047,SAONA BALBOA,cultura,,Madrid,,España,,40.4360257,-3.6816536,Establecimiento certificado en Autism Friendly Club.,,,,Verificado - Documentación pública,,,https://autismfriendlyclub.com/sitios/spain/comunidad-de-madrid/madrid-1/restaurantes/saona-balboa/,2026-07-20
AFC-048,SAONA CHAMBERRÍ,cultura,,Madrid,,España,,40.4316024,-3.7052955,Establecimiento certificado en Autism Friendly Club.,,,,Verificado - Documentación pública,,,https://autismfriendlyclub.com/sitios/spain/comunidad-de-madrid/madrid-1/restaurantes/saona-chamberri/,2026-07-20
AFC-049,SAONA CONDESA DE VENADITO,cultura,,Madrid,,España,,40.444775,-3.6539466,Establecimiento certificado en Autism Friendly Club.,,,,Verificado - Documentación pública,,,https://autismfriendlyclub.com/sitios/spain/comunidad-de-madrid/madrid-1/restaurantes/saona-condesa-venadito/,2026-07-20
AFC-050,SEDACIÓN DENTAL,centro_civico,,Madrid,,España,,40.49395,-3.87746,Establecimiento certificado en Autism Friendly Club.,,,,Verificado - Documentación pública,,,https://autismfriendlyclub.com/sitios/spain/comunidad-de-madrid/madrid-1/salud/sedacion-dental/,2026-07-20
AFC-051,THUBAN,centro_civico,,Madrid,,España,,40.43436,-3.6696,Establecimiento certificado en Autism Friendly Club.,,,,Verificado - Documentación pública,,,https://autismfriendlyclub.com/sitios/spain/comunidad-de-madrid/madrid-1/salud/thuban/,2026-07-20
AFC-052,SAONA ALICANTE ALFONSO,cultura,,Alicante,,España,,38.3476193,-0.4857655,Establecimiento certificado en Autism Friendly Club.,,,,Verificado - Documentación pública,,,https://autismfriendlyclub.com/sitios/spain/comunidad-valenciana/alicante/restaurantes/saona-alicante-alfonso/,2026-07-20
AFC-053,SAONA VISTAHERMOSA,cultura,,Alicante,,España,,38.3663343,-0.4724114,Establecimiento certificado en Autism Friendly Club.,,,,Verificado - Documentación pública,,,https://autismfriendlyclub.com/sitios/spain/comunidad-valenciana/alicante/restaurantes/saona-vistahermosa/,2026-07-20
AFC-054,SAONA BENICÀSSIM,cultura,,Castellón,,España,,40.0472994,0.0688473,Establecimiento certificado en Autism Friendly Club.,,,,Verificado - Documentación pública,,,https://autismfriendlyclub.com/sitios/spain/comunidad-valenciana/castellon/restaurantes/saona-benicassim/,2026-07-20
AFC-055,SAONA CASTELLÓN,cultura,,Castellón de la Plana,,España,,39.9818326,-0.0350563,Establecimiento certificado en Autism Friendly Club.,,,,Verificado - Documentación pública,,,https://autismfriendlyclub.com/sitios/spain/comunidad-valenciana/castellon-de-la-plana/restaurantes/saona-castellon/,2026-07-20
AFC-056,Grupo Saona,cultura,,Valencia,,España,,39.4667131,-0.3688052,Establecimiento certificado en Autism Friendly Club.,,,,Verificado - Documentación pública,,,https://autismfriendlyclub.com/sitios/spain/comunidad-valenciana/valencia/restaurantes/grupo-saona/,2026-07-20
AFC-057,SAONA ALAMEDA,cultura,,Valencia,,España,,39.4593872,-0.3518588,Establecimiento certificado en Autism Friendly Club.,,,,Verificado - Documentación pública,,,https://autismfriendlyclub.com/sitios/spain/comunidad-valenciana/valencia/restaurantes/saona-alameda/,2026-07-20
AFC-058,SAONA ALFAFAR,cultura,,Valencia,,España,,39.4146045,-0.3801187,Establecimiento certificado en Autism Friendly Club.,,,,Verificado - Documentación pública,,,https://autismfriendlyclub.com/sitios/spain/comunidad-valenciana/valencia/restaurantes/saona-alfafar/,2026-07-20
AFC-059,SAONA AQUA,cultura,,Valencia,,España,,39.4566515,-0.345862,Establecimiento certificado en Autism Friendly Club.,,,,Verificado - Documentación pública,,,https://autismfriendlyclub.com/sitios/spain/comunidad-valenciana/valencia/restaurantes/saona-aqua/,2026-07-20
AFC-060,SAONA ARAGÓN,cultura,,Valencia,,España,,39.4712236,-0.3575678,Establecimiento certificado en Autism Friendly Club.,,,,Verificado - Documentación pública,,,https://autismfriendlyclub.com/sitios/spain/comunidad-valenciana/valencia/restaurantes/saona-aragon/,2026-07-20
AFC-061,SAONA BLASCO IBÁÑEZ,cultura,,Valencia,,España,,39.4751624,-0.3501935,Establecimiento certificado en Autism Friendly Club.,,,,Verificado - Documentación pública,,,https://autismfriendlyclub.com/sitios/spain/comunidad-valenciana/valencia/restaurantes/saona-blasco-ibanez/,2026-07-20
AFC-062,SAONA CASINO DE AGRICULTURA,cultura,,Valencia,,España,,39.4731259,-0.3725788,Establecimiento certificado en Autism Friendly Club.,,,,Verificado - Documentación pública,,,https://autismfriendlyclub.com/sitios/spain/comunidad-valenciana/valencia/restaurantes/saona-casino-agricultura/,2026-07-20
AFC-063,SAONA CÍSCAR,cultura,,Valencia,,España,,39.4663188,-0.3660329,Establecimiento certificado en Autism Friendly Club.,,,,Verificado - Documentación pública,,,https://autismfriendlyclub.com/sitios/spain/comunidad-valenciana/valencia/restaurantes/saona-ciscar/,2026-07-20
AFC-064,SAONA CORTES VALENCIANAS,cultura,,Valencia,,España,,39.4918007,-0.3996606,Establecimiento certificado en Autism Friendly Club.,,,,Verificado - Documentación pública,,,https://autismfriendlyclub.com/sitios/spain/comunidad-valenciana/valencia/restaurantes/saona-cortes-valencianas/,2026-07-20
AFC-065,CASA RURAL OBEJUELO,hotel,,Villanueva de Córdoba,,España,,38.4171985,-4.5706277,Establecimiento certificado en Autism Friendly Club.,,,,Verificado - Documentación pública,,,https://autismfriendlyclub.com/sitios/spain/cordoba/villanueva-de-cordoba/alojamientos/casa-rural-obejuelo/,2026-07-20
AFC-066,SAONA CARTAGENA,cultura,,Cartagena,,España,,37.59944,-0.9854,Establecimiento certificado en Autism Friendly Club.,,,,Verificado - Documentación pública,,,https://autismfriendlyclub.com/sitios/spain/murcia/cartagena/restaurantes/saona-cartagena/,2026-07-20
REAL-NAT-M01,Parque Liana,espacio_natural,,Móstoles,,España,,40.3227,-3.8643,"Parque urbano de Móstoles con amplias zonas verdes y arboladas. Ambiente tranquilo y bajo nivel de ruido habitual, adecuado para paseos con baja estimulación sensorial.",,,,Verificado - Documentación pública,,,https://www.mostoles.es/,2026-07-20
REAL-NAT-M02,Parque del Retiro,espacio_natural,,Madrid,,España,,40.4153,-3.6823,"Gran parque histórico de Madrid (118 ha), Patrimonio de la Humanidad UNESCO. Cuenta con zonas arboladas y senderos alejados del tráfico. Las áreas del Bosque del Recuerdo y los jardines del sur ofrecen menor afluencia y más tranquilidad.",,,,Verificado - Documentación pública,,,https://www.esmadrid.com/informacion-turistica/parque-del-retiro,2026-07-20
REAL-NAT-GU01,Campillo de las Ranas,espacio_natural,,Campillo de las Ranas,,España,,41.0731,-3.3197,"Pueblo de Arquitectura Negra sumamente silencioso, plano y fácil de pasear. Entorno visualmente homogéneo gracias al uso de la pizarra oscura. Sin comercios ruidosos ni aglomeraciones.",,,,Verificado - Documentación pública,,,https://www.arquitecturanegra.es/,2026-07-20
REAL-NAT-GU02,Majaelrayo,espacio_natural,,Majaelrayo,,España,,41.0972,-3.2883,Pueblo de Arquitectura Negra con calles amplias de piedra rodeadas de naturaleza. Flujo de visitantes mínimo incluso en fines de semana. Muy bajo nivel de estimulación sensorial.,,,,Verificado - Documentación pública,,,https://www.arquitecturanegra.es/,2026-07-20
REAL-NAT-GU03,Valverde de los Arroyos,espacio_natural,,Valverde de los Arroyos,,España,,41.0644,-3.2544,Pueblo de Arquitectura Negra con entorno natural inmediato precioso y muy calmado. Recomendado ir a primera hora. Evitar el centro del pueblo a mediodía en festivos.,,,,Verificado - Documentación pública,,,https://www.arquitecturanegra.es/,2026-07-20
REAL-NAT-GU04,Hoz de Pelegrina,espacio_natural,,Pelegrina,,España,,41.1167,-2.5167,Cañón impresionante y mucho menos transitado que el Alto Tajo central. El sonido constante del río actúa como ruido blanco natural. Ideal para personas con hipersensibilidad sensorial.,,,,Verificado - Documentación pública,,,https://www.turismoenguadalajara.es/,2026-07-20
REAL-NAT-CR01,Valle de Alcudia y Sierra Madrona,espacio_natural,,Almadén,,España,,38.5667,-4.3833,"Una de las zonas menos pobladas de España. Paisaje de dehesas inmenso, plano, con horizontes limpios y silencio absoluto. Mínima presencia humana.",,,,Verificado - Documentación pública,,,https://www.turismocastillalamancha.es/,2026-07-20
REAL-NAT-CU01,Monumento Natural de Palancares y Tierra Muerta,espacio_natural,,Cuenca,,España,,40.0833,-2.1167,Torcas (grandes depresiones en la tierra) rodeadas de extensos pinares. Turismo muy disperso: apenas se cruza con nadie. Entorno de altísima paz acústica.,,,,Verificado - Documentación pública,,,https://www.turismocastillalamancha.es/,2026-07-20
REAL-CUL-CU01,Yacimiento Arqueológico de Segóbriga,cultura,,Saelices,,España,,39.8833,-2.8167,Antigua ciudad romana en mitad del campo. Espacio al aire libre muy grande que nunca se siente abarrotado. Permite caminar al propio ritmo sin presión ni ruido comercial.,,,,Verificado - Documentación pública,,,https://cultura.castillalamancha.es/patrimonio/yacimientos-visitables/segobriga,2026-07-20
REAL-CUL-GU01,Pastrana,cultura,,Pastrana,,España,,40.6333,-2.9167,"Villa ducal con calles medievales de piedra. Pueblo monumental muy tranquilo, idóneo para pasear sin prisa ni ruidos comerciales. Alternativa a Toledo o Cuenca capital sin el bullicio.",,,,Verificado - Documentación pública,,,https://www.turismoenguadalajara.es/municipios/pastrana/,2026-07-20
REAL-NAT-CU02,Los Callejones de Las Majadas,espacio_natural,,Las Majadas,,España,,40.1167,-2.1833,Alternativa perfecta a la Ciudad Encantada. Laberinto natural de formaciones rocosas calizas con turismo extremadamente bajo. Espacio abierto y amplio donde el sonido no rebota de forma estridente. Permite pasear de forma predecible y autónoma.,,,,Verificado - Documentación pública,,,https://www.turismocastillalamancha.es/,2026-07-20
REAL-NAT-CU03,Lagunas de Cañada del Hoyo,espacio_natural,,Cañada del Hoyo,,España,,40.0333,-2.35,"Conjunto de siete lagunas circulares de agua tranquila rodeadas de densos pinares. No se permite el baño ni actividades motorizadas, lo que garantiza un ambiente silencioso sin gritos ni aglomeraciones.",,,,Verificado - Documentación pública,,,https://www.turismocastillalamancha.es/,2026-07-20
REAL-NAT-CU04,Hoz del Río Gritos y Ruinas de Alarcón,espacio_natural,,Alarcón,,España,,39.5583,-2.0939,"Sendero que recorre el cañón del río Gritos cerca de Alarcón. Paisaje lineal muy fácil de seguir, con el sonido relajante del agua como fondo constante y tránsito de personas mínimo.",,,,Verificado - Documentación pública,,,https://www.turismocastillalamancha.es/,2026-07-20
REAL-NAT-CR02,Parque Nacional de Cabañeros — Senda Botánica Casa de Palillos,espacio_natural,,Retuerta del Bullaque,,España,,39.4,-4.35,Zona de uso libre con pasarelas de madera estables y llanas. El paisaje de la raña (sabana española) transmite mucha calma visual. Evitar las rutas guiadas en todoterreno si generan estrés sensorial.,,,,Verificado - Documentación pública,,,https://www.miteco.gob.es/es/red-parques-nacionales/nuestros-parques/cabaneros/,2026-07-20
REAL-CUL-CR01,Castillo de Calatrava la Nueva,cultura,,Aldea del Rey,,España,,38.6167,-3.8167,"Castillo en lo alto de un cerro cerca de Aldea del Rey. Recibe muy pocos visitantes. Espacio fortificado amplio de piedra, silencioso y con vistas kilométricas que permiten anticipar el entorno con facilidad.",,,,Verificado - Documentación pública,,,https://www.turismocastillalamancha.es/patrimonio/castillo-de-calatrava-la-nueva/,2026-07-20
REAL-NAT-TE01,Mirambel — Comarca del Maestrazgo,espacio_natural,,Mirambel,,España,,40.5167,-0.3833,"Pueblo medieval amurallado de piedra con trazado regular, calles pulcras y silencio sepulcral. Apenas hay comercios ni terrazas ruidosas. Alternativa tranquila a Albarracín en fines de semana.",,,,Verificado - Documentación pública,,,https://www.turismodeteruel.es/,2026-07-20
REAL-NAT-TE02,Pinares de Rodeno — Entorno de Albarracín,espacio_natural,,Albarracín,,España,,40.4,-1.45,"Senderos entre formaciones de arenisca roja y pinos que absorben el sonido excepcionalmente bien, creando una acústica apagada y reconfortante. Incluye pinturas rupestres accesibles mediante senderos cortos y llanos. Alternativa al pueblo cuando hay afluencia.",,,,Verificado - Documentación pública,,,https://www.turismodeteruel.es/,2026-07-20
REAL-NAT-TE03,Nacimiento del Río Pitarque,espacio_natural,,Pitarque,,España,,40.6333,-0.6667,Cañón fluvial donde el agua brota directamente de la roca. Sendero muy bien señalizado sin posibilidad de pérdida. Volumen de senderistas residual comparado con el Pirineo o la Sierra de Gredos.,,,,Verificado - Documentación pública,,,https://www.turismodeteruel.es/,2026-07-20
REAL-NAT-ZA01,Sayago (Comarca),espacio_natural,,Fermoselle,,España,,41.35,-6.2,"Llanura infinita de granito, encinas y cortados de piedra. Paisaje visualmente muy homogéneo y predecible. Densidad de población bajísima: silencio absoluto.",,,,Verificado - Documentación pública,,,https://www.turismoenzamora.es/,2026-07-20
REAL-NAT-ZA02,Cascada de Sotillo (Sanabria),espacio_natural,,Sotillo de Sanabria,,España,,42.0833,-6.7167,Ruta alternativa al masificado Lago de Sanabria. Transcurre por bosque caducifolio espeso que absorbe el sonido a la perfección. Sendero bien delimitado y muy solitario.,,,,Verificado - Documentación pública,,,https://www.turismoenzamora.es/,2026-07-20
REAL-NAT-VA01,Tierra de Campos (Comarca),espacio_natural,,Medina de Rioseco,,España,,41.85,-5.2,El mar de cereal español. Horizonte completamente liso y despejado que elimina el estrés visual. Apenas hay turismo y los pueblos son extremadamente silenciosos.,,,,Verificado - Documentación pública,,,https://www.turismocastillayleon.com/,2026-07-20
REAL-NAT-VA02,Canal de Castilla — Tramo Medina de Rioseco,espacio_natural,,Medina de Rioseco,,España,,41.8833,-5.0167,"Camino lineal perfecto, llano y sin desniveles. Actividad muy estructurada y predecible con el sonido constante y suave del agua. Ideal para personas que necesitan entornos de bajo estrés sensorial.",,,,Verificado - Documentación pública,,,https://www.turismocastillayleon.com/,2026-07-20
REAL-NAT-PA01,Valle de Pineda (Norte de Palencia),espacio_natural,,Cervera de Pisuerga,,España,,42.9833,-4.5667,Valle glaciar inmenso a los pies de Peña Prieta. Pradera alpina totalmente abierta con visibilidad total a kilómetros y desconexión humana completa.,,,,Verificado - Documentación pública,,,https://www.turismocastillayleon.com/,2026-07-20
REAL-CUL-PA01,Románico de la Ojeda — Olmos de Ojeda,cultura,,Olmos de Ojeda,,España,,42.55,-4.3833,Pequeñas iglesias de piedra en mitad de la naturaleza. Sin las visitas masivas del románico de Frómista. Espacios frescos de piedra gruesa ideales para un descanso sensorial.,,,,Verificado - Documentación pública,,,https://www.turismocastillayleon.com/,2026-07-20
REAL-NAT-AS01,Valle de Somiedo — Praderas del Valle,espacio_natural,,Pola de Somiedo,,España,,43.0833,-6.25,"Praderas amplias, llanas y rodeadas de montañas que aíslan del viento y el ruido exterior. Evitar los Lagos de Saliencia en temporada alta. El valle principal ofrece una experiencia mucho más tranquila.",,,,Verificado - Documentación pública,,,https://www.turismoasturias.es/,2026-07-20
REAL-NAT-AS02,Costa de El Franco — Playas de Pormenande y Viavélez,espacio_natural,,El Franco,,España,,43.55,-6.8667,Occidente asturiano virgen frente al saturado oriente. Calas de roca muy tranquilas con senderos costeros suaves y apenas turistas. El mar actúa como fondo sonoro constante.,,,,Verificado - Documentación pública,,,https://www.turismoasturias.es/,2026-07-20
REAL-NAT-GA01,Serra do Caurel,espacio_natural,,Folgoso do Courel,,España,,42.6167,-7.1667,Una de las zonas más aisladas de Galicia. El bosque autóctono (devesas) mitiga el viento y crea una acústica apagada. Los pequeños pueblos de pizarra apenas tienen habitantes.,,,,Verificado - Documentación pública,,,https://www.turismo.gal/,2026-07-20
REAL-NAT-GA02,Costa de O Loiba y Cabo Ortegal,espacio_natural,,Ortigueira,,España,,43.7667,-7.9167,"Acantilados con horizontes marinos infinitos. El viento constante actúa como ruido blanco natural potente. Turismo muy disperso, a diferencia de las masificadas Rías Baixas.",,,,Verificado - Documentación pública,,,https://www.turismo.gal/,2026-07-20
REAL-NAT-CB01,San Roque de Riomiera — Valles Pasiegos,espacio_natural,,San Roque de Riomiera,,España,,43.25,-3.65,"Paisaje de cabañas de piedra y prados verdes escalonados. La orografía amortigua el sonido. Vida a ritmo lentísimo sin comercios, altavoces ni tráfico.",,,,Verificado - Documentación pública,,,https://www.turismodecantabria.com/,2026-07-20
REAL-NAT-CB02,Secuoyas del Monte Cabezón,espacio_natural,,Cabezón de la Sal,,España,,43.3167,-4.2833,Bosque monumental de troncos rectos y copas altísimas. Pasarelas de madera muy predecibles y llanas. La densidad del bosque frena por completo el ruido exterior.,,,,Verificado - Documentación pública,,,https://www.turismodecantabria.com/,2026-07-20
REAL-NAT-BU01,Valle de Sedano y Cañón del Ebro,espacio_natural,,Sedano,,España,,42.8333,-3.75,Desfiladero espectacular mucho menos transitado que las Hoces del Duratón. El río discurre tranquilo y los pueblos de alrededor están prácticamente desiertos.,,,,Verificado - Documentación pública,,,https://www.turismocastillayleon.com/,2026-07-20
REAL-NAT-BU02,Páramo de Masa,espacio_natural,,Masa,,España,,42.65,-3.6167,"Llanura caliza a gran altitud, despejada, con vistas kilométricas y sin un solo obstáculo visual. El silencio es sobrecogedor.",,,,Verificado - Documentación pública,,,https://www.turismocastillayleon.com/,2026-07-20
REAL-NAT-NA01,Señorío de Bertiz,espacio_natural,,Oronoz-Mugairi,,España,,43.15,-1.6667,"Jardín histórico y bosque atlántico muy regulado. Caminos perfectamente llanos, asfaltados y delimitados. Entorno 100% predecible y seguro para personas con necesidades sensoriales.",,,,Verificado - Documentación pública,,,https://www.navarra.es/es/turismo/que-ver/parques-naturales/senorio-de-bertiz,2026-07-20
REAL-NAT-NA02,Valle de Aézcoa,espacio_natural,,Aribe,,España,,42.9,-1.2,"Valle pirenaico muy tranquilo, verde y llano, famoso por sus hórreos tradicionales de piedra y madera. El turismo masivo no llega. Entorno predecible y de bajo estímulo.",,,,Verificado - Documentación pública,,,https://www.navarra.es/es/turismo/,2026-07-20
REAL-BIB-NA01,Biblioteca de Navarra,biblioteca,,Pamplona,,España,,42.8167,-1.65,"Arquitectura de hormigón y madera que absorbe el eco. Plantas superiores con mesas de estudio individuales con mamparas, ideales para evitar distracciones visuales periféricas.",,,,Verificado - Documentación pública,,,https://www.bibliotecadenavarra.es/,2026-07-20
REAL-BIB-GA01,Biblioteca de Galicia — Cidade da Cultura,biblioteca,,Santiago de Compostela,,España,,42.8833,-8.5333,"Espacio monumental, increíblemente solitario y silencioso. Salas de lectura inmensas con luz natural difusa y techos altísimos que dispersan cualquier mínimo ruido.",,,,Verificado - Documentación pública,,,https://www.bibliotecadegalicia.xunta.gal/,2026-07-20
REAL-BIB-PA01,Biblioteca Pública del Estado de Palencia,biblioteca,,Palencia,,España,,42.0167,-4.5333,"Edificio moderno y muy ordenado. Cuenta con una sección de investigación muy poco transitada, perfecta como rincón de descompresión.",,,,Verificado - Documentación pública,,,https://www.jcyl.es/web/jcyl/BibliotecaPublicaPalencia/,2026-07-20
REAL-BIB-BU01,Biblioteca Pública del Estado de Burgos,biblioteca,,Burgos,,España,,42.35,-3.6833,"Amplia sala de consulta general. Truco autistic-friendly: usar las zonas de prensa local o las secciones de archivos históricos, que son las áreas con menor movimiento de usuarios.",,,,Verificado - Documentación pública,,,https://www.jcyl.es/web/jcyl/BibliotecaPublicaBurgos/,2026-07-20
REAL-BIB-VA01,Biblioteca Pública del Estado de Valladolid,biblioteca,,Valladolid,,España,,41.65,-4.7167,"Amplia sala de consulta general. Las zonas de prensa local y archivos históricos son las áreas con menor movimiento de usuarios, ideales para descompresión.",,,,Verificado - Documentación pública,,,https://www.jcyl.es/web/jcyl/BibliotecaPublicaValladolid/,2026-07-20
REAL-BIB-ZA01,Biblioteca Pública del Estado de Zamora,biblioteca,,Zamora,,España,,41.5,-5.75,"Amplia sala de consulta general. Las zonas de prensa local y archivos históricos son las áreas con menor movimiento de usuarios, ideales para descompresión.",,,,Verificado - Documentación pública,,,https://www.jcyl.es/web/jcyl/BibliotecaPublicaZamora/,2026-07-20
REAL-BIB-TO01,Biblioteca de Castilla-La Mancha — Alcázar de Toledo,biblioteca,,Toledo,,España,,39.8667,-3.9167,Una de las mejores bibliotecas del país. Salas de lectura sumamente tranquilas con pequeños rincones entre estanterías apartados del flujo turístico. Mesas con iluminación focalizada regulable.,,,,Verificado - Documentación pública,,,https://biblioclm.castillalamancha.es/,2026-07-20
REAL-BIB-CR01,Biblioteca Pública del Estado de Ciudad Real — Edificio Isabel Pérez Valera,biblioteca,,Ciudad Real,,España,,38.9833,-3.9167,Diseño muy funcional. Planta superior dedicada al estudio intensivo donde está prohibido cualquier murmullo o interacción. Ideal para máximo aislamiento sensorial.,,,,Verificado - Documentación pública,,,https://www.turismocastillalamancha.es/,2026-07-20
REAL-BIB-CU01,Biblioteca Municipal de Cuenca — Centro Aguirre,biblioteca,,Cuenca,,España,,40.0667,-2.1333,Ambiente recogido y familiar. Ideal si se visita la ciudad histórica y se necesita un espacio predecible para rebajar los niveles de estrés.,,,,Verificado - Documentación pública,,,https://www.cuenca.es/,2026-07-20
REAL-BIB-MD01,Biblioteca Accesible de San Sebastián de los Reyes,biblioteca,,San Sebastián de los Reyes,,España,,40.55,-3.6333,"Espacio acogedor, respetuoso e inclusivo dentro del programa Biblioteca Accesible. Adaptado para personas con diversidad funcional y necesidades sensoriales.",,,,Verificado - Documentación pública,,,https://www.laplazadesanse.es/-/espacios-acogedores-respetuosos-e-inclusivos-con-el-programa-biblioteca-accesibl-1,2026-07-20
REAL-NAT-EX01,Parque Natural del Tajo Internacional,espacio_natural,,Cedillo,,España,,39.65,-7.2,"Uno de los rincones más desconocidos y aislados de España. Paisaje fronterizo con calma total, cielos limpios y silencio acústico rotundo. Mucho menos visitado que Monfragüe.",,,,Verificado - Documentación pública,,,https://www.turismoextremadura.com/,2026-07-20
REAL-NAT-EX02,El Berrocal de Trujillo,espacio_natural,,Trujillo,,España,,39.4667,-5.8833,Paisaje de grandes bloques de granito redondeados y encinas. Contraste visual muy limpio y predecible. Entorno idóneo para caminar sin cruzarse con nadie.,,,,Verificado - Documentación pública,,,https://www.turismoextremadura.com/,2026-07-20
REAL-NAT-EX03,Sierra de Gata — San Martín de Trevejo,espacio_natural,,San Martín de Trevejo,,España,,40.2,-6.7667,Calles empedradas de arquitectura tradicional con canales de agua integrados en el suelo que generan ruido blanco natural. Afluencia de turistas bajísima fuera de la época estival.,,,,Verificado - Documentación pública,,,https://www.turismoextremadura.com/,2026-07-20
REAL-BIB-EX01,Biblioteca de Extremadura — Alcazaba de Badajoz,biblioteca,,Badajoz,,España,,38.8833,-6.9833,"Edificio histórico en lo alto de la Alcazaba con muros gruesos que aíslan por completo del exterior. Flujo de usuarios muy bajo, lo que genera un ambiente de calma excepcional.",,,,Verificado - Documentación pública,,,https://bibliote.juntaex.es/,2026-07-20
REAL-BIB-EX02,Biblioteca Pública del Estado en Cáceres — Palacio de Camarena,biblioteca,,Cáceres,,España,,39.4833,-6.3667,"Combina un patio señorial interior silencioso con salas de estudio aisladas en las plantas superiores, perfectas para la descompresión.",,,,Verificado - Documentación pública,,,https://bibliote.juntaex.es/,2026-07-20
REAL-NAT-GA03,Serras do Candán y O Suído,espacio_natural,,Forcarei,,España,,42.45,-8.2,"Lejos de las masificadas playas de las Rías Baixas. Paisajes despejados, llanuras de pasto de alta montaña y una quietud sobrecogedora.",,,,Verificado - Documentación pública,,,https://www.turismo.gal/,2026-07-20
REAL-NAT-GA04,San Andrés de Teixido y Sierra de A Capelada,espacio_natural,,Cedeira,,España,,43.7,-7.8333,Acantilados más altos de la Europa continental. Los caminos de la sierra que rodea el santuario están vacíos. El fuerte sonido del viento y el mar actúa como potente filtro sensorial natural.,,,,Verificado - Documentación pública,,,https://www.turismo.gal/,2026-07-20
REAL-BIB-GA02,Biblioteca Pública de Santiago Ánxel Casal,biblioteca,,Santiago de Compostela,,España,,42.8833,-8.55,Organización excelente. En la planta superior (sección de investigación o fondo local) las mesas están muy espaciadas y se respira un silencio absoluto.,,,,Verificado - Documentación pública,,,https://www.bibliotecasdegalicia.xunta.gal/,2026-07-20
REAL-NAT-PT01,Interior del Alentejo — Monsaraz y Évora Monte,espacio_natural,,Monsaraz,,España,,38.5333,-7.3333,"La región del silencio por excelencia en la Península Ibérica. Kilómetros de campos de corcho y olivares, pueblos de blanco uniforme muy homogéneos visualmente y carreteras rectas y predecibles sin apenas tráfico.",,,,Verificado - Documentación pública,,,https://www.visitalentejo.pt/,2026-07-20
REAL-NAT-PT02,Aldeas de Xisto — Sierra de Lousã,espacio_natural,,Lousã,,España,,40.15,-8.1,"Red de pequeños pueblos construidos íntegramente de esquisto (piedra oscura) escondidos entre montañas. Poquísimos habitantes, sin ruidos urbanos ni comerciales.",,,,Verificado - Documentación pública,,,https://aldeiasdoxisto.pt/,2026-07-20
REAL-NAT-PT03,Costa Vicentina — Playas al sur de Sines,espacio_natural,,Vila Nova de Milfontes,,España,,37.6167,-8.7667,Playas inmensas de arena fina protegidas por el Parque Natural. Arenales de varios kilómetros que permiten distanciarse totalmente del resto de personas. El Atlántico genera una acústica ambiental constante y relajante.,,,,Verificado - Documentación pública,,,https://www.visitportugal.com/,2026-07-20
REAL-BIB-PT01,Biblioteca Municipal de Elvas — Dra. Elsa Grilo,biblioteca,,Elvas,,España,,38.8833,-7.1667,"Ubicada en un antiguo convento reformado. Diseño arquitectónico minimalista con techos abovedados blancos, patios de luz y salas de estudio individuales que transmiten orden y limpieza visual reconfortantes.",,,,Verificado - Documentación pública,,,https://www.cm-elvas.pt/,2026-07-20
REAL-BIB-PT02,Biblioteca Joanina de Coimbra,biblioteca,,Coimbra,,España,,40.2,-8.4167,Monumento con visitas estrictamente reguladas en grupos reducidos y tiempo cronometrado: visita altamente predecible y organizada. Ambiente interior de madera oscura con respeto absoluto al silencio.,,,,Verificado - Documentación pública,,,https://www.uc.pt/bguc/,2026-07-20
REAL-NAT-SO01,El Sabinar de Calatañazor,espacio_natural,,Calatañazor,,España,,41.6167,-2.8333,"Bosque de sabinas centenarias muy espaciadas sobre llanura calcárea. Entorno visual muy limpio, plano y fácil de caminar. Los árboles absorben el sonido creando una acústica apagada.",,,,Verificado - Documentación pública,,,https://www.turismocastillayleon.com/,2026-07-20
REAL-NAT-SO02,Cañón del Río Lobos — Acceso por Ucero,espacio_natural,,Ucero,,España,,41.7667,-3.0167,"Sendero lineal totalmente plano a primera hora, delimitado por imponentes paredes de piedra. El eco es suave gracias a la vegetación. Sin pérdidas ni desniveles complejos.",,,,Verificado - Documentación pública,,,https://www.turismocastillayleon.com/,2026-07-20
REAL-CUL-SO01,Yacimiento de Tiermes,cultura,,Montejo de Tiermes,,España,,41.35,-3.0667,Ciudad celtíbera y romana excavada directamente en la roca arenisca roja. Turismo residual que permite explorar las ruinas al propio ritmo en silencio sepulcral. Conocido como la 'Pompeya española'.,,,,Verificado - Documentación pública,,,https://www.turismocastillayleon.com/,2026-07-20
REAL-BIB-SO01,Biblioteca Pública del Estado de Soria,biblioteca,,Soria,,España,,41.7667,-2.4667,Instalaciones modernas muy compartimentadas. En la zona de investigadores o sección de fondo local (planta superior) las mesas de estudio son individuales y están aisladas visualmente.,,,,Verificado - Documentación pública,,,https://www.jcyl.es/web/jcyl/BibliotecaPublicaSoria/,2026-07-20
REAL-NAT-LR01,Tierra de Cameros — Villoslada de Cameros,espacio_natural,,Villoslada de Cameros,,España,,42.1833,-2.8167,"Paisaje de montaña suave con pueblos de piedra casi desiertos. Diseño urbano muy homogéneo y ritmo de vida pausado, sin ruidos comerciales ni coches.",,,,Verificado - Documentación pública,,,https://www.lariojaturismo.com/,2026-07-20
REAL-NAT-LR02,Viñedos de la Sonsierra — San Vicente de la Sonsierra,espacio_natural,,San Vicente de la Sonsierra,,España,,42.5667,-2.7667,"Senderos agrícolas entre viñedos con simetría visual muy relajante. Las líneas infinitas de las vides transmiten orden y previsibilidad. Fuera de vendimia, apenas hay personas.",,,,Verificado - Documentación pública,,,https://www.lariojaturismo.com/,2026-07-20
REAL-BIB-LR01,Biblioteca de La Rioja — Convento de la Merced,biblioteca,,Logroño,,España,,42.4667,-2.45,"Muros de sillería que aíslan por completo el ruido del tráfico. Claustro interior acristalado con luz natural cenital muy suave, ideal para descansar del ruido urbano sin estímulos estridentes.",,,,Verificado - Documentación pública,,,https://www.larioja.org/biblioteca/es,2026-07-20
REAL-BIB-LR02,Biblioteca de la Universidad de La Rioja,biblioteca,,Logroño,,España,,42.4667,-2.45,Acceso a salas de lectura libre. Normas de silencio estrictas. Puestos de estudio individuales con mamparas laterales que eliminan las distracciones visuales.,,,,Verificado - Documentación pública,,,https://biblioteca.unirioja.es/,2026-07-20
REAL-NAT-LL01,La Plana de Lleida — Comarca de Les Garrigues,espacio_natural,,Les Borges Blanques,,España,,41.4167,0.8333,Paisaje de secano con olivos centenarios y construcciones de piedra seca. Zona llanísima con horizontes infinitos y muy poco transitada por el turismo. Desconexión humana total.,,,,Verificado - Documentación pública,,,https://www.turismegarrigues.cat/,2026-07-20
REAL-NAT-LL02,Valle de Boí — Senderos del fondo del valle,espacio_natural,,Barruera,,España,,42.5,0.8167,"Senderos llanos entre pueblos, bien señalizados y delimitados por cercados de piedra. Muy predecibles. Las iglesias románicas (como Sant Climent de Taüll) son de piedra gruesa, oscuras, frescas y sumamente silenciosas en su interior.",,,,Verificado - Documentación pública,,,https://www.vallboi.cat/,2026-07-20
REAL-NAT-LL03,Estany de Montcortès,espacio_natural,,Montcortès de Pallars,,España,,42.3333,1.05,Lago natural de origen cárstico rodeado de colinas suaves. Mucho menos turístico que los lagos del Pirineo central. Sendero circular llano y muy tranquilo.,,,,Verificado - Documentación pública,,,https://www.turismepallarsjussa.cat/,2026-07-20
REAL-BIB-LL01,Biblioteca Pública de Lleida,biblioteca,,Lleida,,España,,41.6167,0.6167,Arquitectura limpia de líneas rectas. Plantas superiores destinadas al silencio riguroso con rincones entre estanterías de acceso público donde refugiarse de cualquier sobrecarga.,,,,Verificado - Documentación pública,,,https://biblioteques.gencat.cat/,2026-07-20
REAL-NAT-GA05,Baixa Limia - Serra do Xurés,espacio_natural,,Lobios,,España,,41.9,-8.1,Parque natural fronterizo sumamente solitario. Paisajes de rocas graníticas redondeadas con entorno visual limpio. Sonido ambiente amortiguado y turismo casi inexistente.,,,,Verificado - Documentación pública,,,https://www.turismo.gal/,2026-07-20
REAL-NAT-GA06,Cañón del Sil — Monasterio de Santa Cristina de Ribas de Sil,espacio_natural,,Parada de Sil,,España,,42.3833,-7.5667,"Bosque de castaños que absorbe por completo el eco. El interior de la iglesia de piedra es un refugio fresco, oscuro y silencioso. Evitar los catamaranes turísticos del cañón.",,,,Verificado - Documentación pública,,,https://www.turismo.gal/,2026-07-20
REAL-BIB-GA03,Biblioteca Pública do Estado en Ourense — Nós,biblioteca,,Ourense,,España,,42.3333,-7.8667,"Edificio moderno con diseño interior impecable. Amplios ventanales orientados a zonas verdes, luz natural no deslumbrante y rincones con butacas individuales entre estanterías de plantas superiores.",,,,Verificado - Documentación pública,,,https://www.bibliotecasdegalicia.xunta.gal/,2026-07-20
REAL-NAT-AS03,Valle de Los Oscos,espacio_natural,,Santa Eulalia de Oscos,,España,,43.3167,-6.9833,"La Asturias más remota y tranquila. Bosques autóctonos y aldeas tradicionales de pizarra negra. Sin masificaciones, tráfico residual. El sonido de los riachuelos funciona como ruido blanco constante.",,,,Verificado - Documentación pública,,,https://www.turismoasturias.es/,2026-07-20
REAL-BIB-AS01,Biblioteca de Asturias — Ramón Pérez de Ayala,biblioteca,,Oviedo,,España,,43.3667,-5.85,Ubicada en el antiguo Palacio del Duque del Parque. Gruesos muros de piedra que eliminan por completo el ruido de la ciudad. Sala de investigadores de planta alta con silencio estricto y mesas con pantallas separadoras.,,,,Verificado - Documentación pública,,,https://www.bibliotecas.asturias.es/,2026-07-20
REAL-NAT-LR03,Sierra de Cebollera — Villoslada de Cameros,espacio_natural,,Villoslada de Cameros,,España,,42.1667,-2.85,Senderos llanos y perfectamente señalizados bajo densos pinares y hayedos. La vegetación densa absorbe el viento y mitiga cualquier impacto acústico.,,,,Verificado - Documentación pública,,,https://www.lariojaturismo.com/,2026-07-20
REAL-NAT-SA01,El Rebollar (Salamanca),espacio_natural,,Ciudad Rodrigo,,España,,40.4167,-6.65,"Robledales más extensos de la península. Caminos agrícolas llanos, rectos, predecibles y completamente vacíos de turistas. Comarca fronteriza de altísima paz sensorial.",,,,Verificado - Documentación pública,,,https://www.turismocastillayleon.com/,2026-07-20
REAL-NAT-LE01,Valle de Laciana (León),espacio_natural,,Villablino,,España,,42.9,-6.1167,Alternativa a los concurridos Picos de Europa. Valle glaciar amplio con praderas de horizonte despejado y montañas suaves que transmiten inmensa calma visual.,,,,Verificado - Documentación pública,,,https://www.turismocastillayleon.com/,2026-07-20
REAL-BIB-SA01,Biblioteca Casa de las Conchas (Salamanca),biblioteca,,Salamanca,,España,,40.9667,-5.6667,Las salas de lectura superiores ofrecen un ambiente monacal. El claustro interior distribuye la luz de forma indirecta y silenciosa. Bucle tranquilo dentro del centro monumental.,,,,Verificado - Documentación pública,,,https://www.jcyl.es/web/jcyl/BibliotecaCasaConchas/,2026-07-20
REAL-BIB-LE01,Biblioteca Pública de León,biblioteca,,León,,España,,42.6,-5.5667,Edificio moderno con distribución por plantas muy clara y cuadriculada. Zonas de estudio del piso superior con mesas individuales orientadas hacia zonas ciegas para evitar distracciones periféricas.,,,,Verificado - Documentación pública,,,https://www.jcyl.es/web/jcyl/BibliotecaPublicaLeon/,2026-07-20
REAL-NAT-EX04,Tierras de Granadilla — Pueblo Abandonado,espacio_natural,,Granadilla,,España,,40.15,-6.1333,Entorno rodeado por el embalse de Gabriel y Galán. Pueblo abandonado y amurallado sumamente silencioso con aforo muy controlado de visitantes.,,,,Verificado - Documentación pública,,,https://www.turismoextremadura.com/,2026-07-20
REAL-NAT-EX05,Dehesas de Jerez de los Caballeros,espacio_natural,,Jerez de los Caballeros,,España,,38.3167,-6.7667,"El paisaje extremeño por excelencia: llanuras interminables de encinas, horizontes limpios, carreteras rectas y silencio absoluto donde el único estímulo es el viento suave.",,,,Verificado - Documentación pública,,,https://www.turismoextremadura.com/,2026-07-20
REAL-NAT-EX06,Parque Natural Cornalvo (Mérida),espacio_natural,,Mérida,,España,,38.8833,-6.0833,Embalse romano rodeado de dehesas. Senderos llanos y plataformas de observación de madera estables que permiten anticipar todo el recorrido visualmente.,,,,Verificado - Documentación pública,,,https://www.turismoextremadura.com/,2026-07-20
REAL-BIB-EX03,Biblioteca Municipal Juan Pablo Forner — Mérida,biblioteca,,Mérida,,España,,38.9167,-6.3333,"Arquitectura interior limpia, diáfana, sin recovecos confusos y con áreas de lectura individual muy tranquilas.",,,,Verificado - Documentación pública,,,https://www.merida.es/,2026-07-20
REAL-NAT-AL01,Desierto de Tabernas,espacio_natural,,Tabernas,,España,,37.0333,-2.3333,"Ausencia total de vegetación móvil, silencio absoluto y líneas geológicas limpias. Sin estímulos cambiantes. Único desierto auténtico de Europa.",,,,Verificado - Documentación pública,,,https://www.andalucia.org/,2026-07-20
REAL-NAT-CA01,Campiña de Medina Sidonia,espacio_natural,,Medina Sidonia,,España,,36.55,-5.9167,Extensas llanuras agrícolas y dehesas con horizontes limpios a kilómetros de distancia. Totalmente alejadas del ruido de las playas gaditanas.,,,,Verificado - Documentación pública,,,https://www.andalucia.org/,2026-07-20
REAL-NAT-CO01,Parque Natural Sierra de Cardeña y Montoro,espacio_natural,,Cardeña,,España,,38.3,-4.5333,Una de las zonas menos transitadas de Andalucía. Paisaje de dehesas suaves y bloques de granito donde el silencio es la norma.,,,,Verificado - Documentación pública,,,https://www.andalucia.org/,2026-07-20
REAL-NAT-GR01,La Alpujarra Alta — Atalbeitar y Busquístar,espacio_natural,,Busquístar,,España,,36.9167,-3.25,"Sin tiendas turísticas ni terrazas ruidosas, a diferencia de Pampaneira o Capileira. Calles de piedra escalonadas y frescas donde solo se escucha el agua de las acequias (ruido blanco natural).",,,,Verificado - Documentación pública,,,https://www.andalucia.org/,2026-07-20
REAL-NAT-HU01,Sierra de Aracena — Castañares de Fuenteheridos,espacio_natural,,Fuenteheridos,,España,,37.8833,-6.55,Bosques de castaños monumentales que crean una acústica apagada. El suelo mullido de hojas amortigua el sonido de las pisadas.,,,,Verificado - Documentación pública,,,https://www.andalucia.org/,2026-07-20
REAL-NAT-JA01,Sierra de Segura — Campos de Hernán Perea,espacio_natural,,Segura de la Sierra,,España,,38.35,-2.65,"Sector norte del parque, inmenso y con apenas visitantes comparado con Cazorla. Altiplanicies casi lunares, lisas y sin árboles con vistas kilométricas.",,,,Verificado - Documentación pública,,,https://www.andalucia.org/,2026-07-20
REAL-NAT-MA01,Sierra de las Nieves — Tolox y Quejigales,espacio_natural,,Tolox,,España,,36.7167,-5,Lejos de la Costa del Sol. Los senderos entre pinsapos centenarios amortiguan extraordinariamente el ruido ambiental.,,,,Verificado - Documentación pública,,,https://www.andalucia.org/,2026-07-20
REAL-NAT-SE01,Sierra Norte de Sevilla — Ribera del Huéznar,espacio_natural,,San Nicolás del Puerto,,España,,37.9833,-5.7,"Sendero lineal y plano que acompaña al río bajo un bosque en galería muy cerrado, reduciendo la estimulación visual lateral y el viento.",,,,Verificado - Documentación pública,,,https://www.andalucia.org/,2026-07-20
REAL-BIB-SE01,Biblioteca Infanta Elena (Sevilla),biblioteca,,Sevilla,,España,,37.3833,-5.9833,Edificio exento frente al Parque de María Luisa con cristales tamizados que evitan reflejos molestos. Zonas de estudio en esquinas traseras completamente aisladas del tránsito.,,,,Verificado - Documentación pública,,,https://www.juntadeandalucia.es/cultura/rbpa/,2026-07-20
REAL-BIB-GR01,Biblioteca de Andalucía / Pública del Estado (Granada),biblioteca,,Granada,,España,,37.1773,-3.5983,Líneas limpias y amplias. La sala de consulta de prensa y la sección de microfilms son habitualmente las áreas más vacías y silenciosas del edificio.,,,,Verificado - Documentación pública,,,https://www.juntadeandalucia.es/cultura/rbpa/,2026-07-20
REAL-BIB-CO01,Biblioteca Pública del Estado de Córdoba — Grupo Cántico,biblioteca,,Córdoba,,España,,37.8833,-4.7833,Arquitectura vanguardista con estancias muy compartimentadas y techos altos que evitan el eco. Zonas de lectura individual con mamparas de madera clara muy relajantes.,,,,Verificado - Documentación pública,,,https://www.juntadeandalucia.es/cultura/rbpa/,2026-07-20
REST-MAD-01,Restaurante Ramón Freixa,restaurante_silencioso,,Madrid,,España,,40.4267,-3.6833,El chef Ramón Freixa es el embajador e impulsor de la iniciativa Comer Sin Ruido. Su comedor de alta cocina está meticulosamente insonorizado para que los comensales puedan hablar sin elevar jamás la voz.,,,,Verificado - Documentación pública,,,https://www.ramonfreixa.com/,2026-07-20
REST-MAD-02,La Bien Aparecida,restaurante_silencioso,,Madrid,,España,,40.4233,-3.6833,"Cocina cántabra de primer nivel. Acondicionamiento acústico impecable: techos y materiales textiles absorben el impacto del sonido directo, evitando el efecto barullo.",,,,Verificado - Documentación pública,,,https://www.labienapare cida.es/,2026-07-20
REST-MAD-03,Dans le Noir?,restaurante_silencioso,,Madrid,,España,,40.4167,-3.71,"Cena completamente a oscuras. El espacio está minuciosamente estudiado y controlado a nivel auditivo para evitar la desorientación espacial. Al anular la vista, el entorno auditivo queda totalmente controlado.",,,,Verificado - Documentación pública,,,https://madrid.danslenoir.com/,2026-07-20
REST-BCN-01,Xavier Pellicer,restaurante_silencioso,,Barcelona,,España,,41.3967,2.1533,"Cocina vegetal y saludable. Espacio físico pensado como templo de calma y orden visual, con acústica muy controlada que invita a la relajación durante el servicio.",,,,Verificado - Documentación pública,,,https://www.xavierpellicer.com/,2026-07-20
REST-BCN-02,Gatblau,restaurante_silencioso,,Barcelona,,España,,41.3833,2.1567,Cocina sostenible y de proximidad. Diseño interior limpio y minimalista con reverberación del sonido muy amortiguada para mantener el confort acústico.,,,,Verificado - Documentación pública,,,https://www.gatblau.com/,2026-07-20
REST-BCN-03,Disfrutar,restaurante_silencioso,,Barcelona,,España,,41.3867,2.15,Uno de los mejores restaurantes del mundo. Los comedores están divididos en pequeños cubos y zonas con muros cerámicos diseñados para dispersar las ondas de sonido y reducir la contaminación acústica.,,,,Verificado - Documentación pública,,,https://www.disfrutarbarcelona.com/,2026-07-20
REST-VAL-01,Ricard Camarena,restaurante_silencioso,,Valencia,,España,,39.4833,-0.4,"Ubicado en el centro de arte Bombas Gens. Aislamiento acústico sobresaliente con suelos flotantes y techos que devuelven un sonido limpio, seco y nada saturado.",,,,Verificado - Documentación pública,,,https://www.ricardcamarena.com/,2026-07-20
REST-VAL-02,La Salita,restaurante_silencioso,,Valencia,,España,,39.4617,-0.37,Liderado por Begoña Rodrigo. Palacete de Ruzafa con estancias compartimentadas que evitan que el sonido de una mesa interfiera en las demás.,,,,Verificado - Documentación pública,,,https://www.lasalitarestaurante.com/,2026-07-20
REST-EXT-01,Restaurante MManila,restaurante_silencioso,,Olivenza,,España,,38.6833,-7.1,Comedores amplios en ambiente rústico con atmósfera muy tranquila y silenciosa. Servicio pausado y sin ruidos de barra.,,,,Verificado - Documentación pública,,,https://www.turismoextremadura.com/,2026-07-20
REST-EXT-02,Restaurante El Salero,restaurante_silencioso,,Mérida,,España,,38.9167,-6.35,Local acogedor con atmósfera tranquila y silenciosa. Idóneo para comer relajado lejos de los ruidos urbanos del centro monumental de Mérida.,,,,Verificado - Documentación pública,,,https://www.turismoextremadura.com/,2026-07-20
REST-EXT-03,Quinto Cecilio,restaurante_silencioso,,Medellín,,España,,38.9667,-5.9667,En lo alto de un cerro fuera de núcleos urbanos densos. El silencio exterior se traslada al interior. Comedores con gran espacio de separación entre mesas.,,,,Verificado - Documentación pública,,,https://www.turismoextremadura.com/,2026-07-20
REST-LR-01,Asador Tahití,restaurante_silencioso,,Logroño,,España,,42.4633,-2.45,"Comedor interior en cueva de piedra tradicional aislada. Sus anchos muros cortan de forma natural cualquier ruido, eco o vibración del exterior, pese a estar en la concurrida zona de pinchos.",,,,Verificado - Documentación pública,,,https://www.lariojaturismo.com/,2026-07-20
REST-LE-01,Restaurante Astur Leonés,restaurante_silencioso,,Villanueva de Carrizo,,España,,42.65,-5.7667,Asador tradicional con comedores secundarios muy recogidos e independientes. Ideal para comer cocina casera sin sufrir interrupciones del tránsito habitual de bares. Fuera del centro de la capital leonesa.,,,,Verificado - Documentación pública,,,https://www.turismocastillayleon.com/,2026-07-20
REST-AS-01,Casa Narciandi,restaurante_silencioso,,Siero,,España,,43.3833,-5.7333,Restaurante tradicional asturiano de ritmo sosegado alejado del bullicio urbano. Confort acústico pensado para disfrutar de platos de cuchara en un ambiente sumamente respetuoso y calmado.,,,,Verificado - Documentación pública,,,https://www.turismoasturias.es/,2026-07-20
REST-AS-02,Restaurante La Rula,restaurante_silencioso,,Lastres,,España,,43.5167,-5.3167,Gran salón luminoso de líneas limpias con acústica muy cuidada pese a su ubicación marina. Ideal por su orden visual y la previsibilidad de su excelente materia prima.,,,,Verificado - Documentación pública,,,https://www.turismoasturias.es/,2026-07-20
REST-SE-01,La Bernarda,restaurante_silencioso,,Sevilla,,España,,37.3833,-5.9667,"Atmósfera contemporánea, acogedora y calmada bajo la premisa de slow bar. Buena distancia de separación entre mesas para evitar agobios visuales y auditivos. Frecuentemente citado en guías de ambientes sin estridencias.",,,,Verificado - Documentación pública,,,https://www.andalucia.org/,2026-07-20
REST-SE-02,LaSanta Cocina Tradicional,restaurante_silencioso,,Sevilla,,España,,37.3867,-5.9967,"La acústica de la sala interior está impecablemente aislada de la barra, frenando por completo el barullo exterior. Los usuarios lo destacan por ser un sitio sin mucho ruido, perfecto para mantener una conversación tranquila.",,,,Verificado - Documentación pública,,,https://www.andalucia.org/,2026-07-20
REST-MA-01,La Alacena de Francis,restaurante_silencioso,,Málaga,,España,,36.7167,-4.4167,"Solo 4 mesas. Anula por completo la posibilidad de aglomeraciones, ruidos de fondo masivos o interrupciones. Entorno 100% predecible y personalizado. Concepto idílico para la baja estimulación.",,,,Verificado - Documentación pública,,,https://www.andalucia.org/,2026-07-20
REST-CA-01,Abrasador Tábula Brasa,restaurante_silencioso,,Puerto Real,,España,,36.5333,-6.1833,Asador de carnes muy ordenado y limpio visualmente. Ambiente tranquilo con servicio profesional que evita golpes de platos o ruidos de cocina estridentes en la sala.,,,,Verificado - Documentación pública,,,https://www.andalucia.org/,2026-07-20
REST-GR-01,Bar Restaurante Casa Mariano — El Chaparral,restaurante_silencioso,,Granada,,España,,37.1667,-3.6167,"Local amplio de diseño rústico-contemporáneo. Confort acústico muy elevado gracias a la distribución de estancias independientes, ideales para aislarse del resto del comedor.",,,,Verificado - Documentación pública,,,https://www.andalucia.org/,2026-07-20
INFO-REST-01,💡 Pauta de reserva — Restaurantes Sin Ruido,restaurante_silencioso,,España,,España,,40.4168,-3.7038,"Al reservar en cualquier restaurante silencioso, incluye en el campo de observaciones: 'Buenas tardes. Acudimos con una persona con alta sensibilidad sensorial y autismo. Rogamos, si es posible, que se nos asigne una mesa en esquina, alejada de la zona de paso de los camareros, la cocina y los altavoces de música.' Horario óptimo: almuerzo a las 13:15h o cena a las 20:30h — los primeros 45 min la sala estará vacía, lo que permite una adaptación progresiva al entorno.",,,,Verificado - Documentación pública,,,https://www.audiocentros.com,2026-07-20
INTL-001,Peppa Pig Theme Park Dallas-Fort Worth,Parque temático,8851 26th Blvd,North Richland Hills,TX,Estados Unidos,US,,,Parque temático infantil certificado Certified Autism Center (CAC) por IBCCES desde su apertura el 1 de marzo de 2025.,Certificación IBCCES Certified Autism Center (CAC) anunciada en comunicado oficial del parque.,"Personal formado en sensibilización sobre autismo, guía sensorial del parque, sala de calma.",IBCCES Certified Autism Center (CAC),Verificado - Fuente oficial,https://www.peppapigthemepark.com/dallas-ft-worth/,https://www.peppapigthemepark.com/dallas-ft-worth/press-releases/peppa-pig-theme-park-dallas-fort-worth-announces-its-status-as-a-certified-autism-center/,https://www.peppapigthemepark.com/dallas-ft-worth/press-releases/peppa-pig-theme-park-dallas-fort-worth-announces-its-status-as-a-certified-autism-center/,2026-07-20
INTL-002,Indianapolis International Airport (IND),Aeropuerto,7800 Col. H. Weir Cook Memorial Dr,Indianapolis,IN,Estados Unidos,US,39.7173,-86.2946,"Aeropuerto certificado KultureCity Sensory Inclusive, con dos salas sensoriales tras el control de seguridad, una en cada terminal.","Certificación KultureCity Sensory Inclusive Venue, anunciada en comunicado oficial del aeropuerto.","Dos salas sensoriales tras seguridad, mochilas sensoriales disponibles, personal formado.",KultureCity Sensory Inclusive,Verificado - Fuente oficial,https://www.ind.com,https://www.ind.com/about/media/media-releases/indy-airport-is-now-a-certified-sensory-inclusive-venue,https://www.ind.com/about/media/media-releases/indy-airport-is-now-a-certified-sensory-inclusive-venue,2026-07-20
INTL-003,Salt Lake City International Airport (SLC),Aeropuerto,,Salt Lake City,UT,Estados Unidos,US,40.7884,-111.9778,"Primera de tres salas sensoriales previstas, inaugurada en marzo de 2025 en el Concourse A-west, diseñada por KultureCity.","Sala sensorial física documentada en el blog oficial del aeropuerto, diseñada junto con KultureCity.","Sala sensorial en Concourse A-west, mochilas sensoriales, señalización específica.",KultureCity Sensory Inclusive,Verificado - Fuente oficial,https://slcairport.com,https://slcairport.com/blog/2025/04/accessibility-at-slc-supporting-passengers-with-sensory-needs/,https://slcairport.com/blog/2025/04/accessibility-at-slc-supporting-passengers-with-sensory-needs/,2026-07-20
INTL-004,Lucas Oil Stadium,Estadio,500 S Capitol Ave,Indianapolis,IN,Estados Unidos,US,39.759991,-86.163712,"Estadio de los Indianapolis Colts (NFL), certificado como recinto Sensory Inclusive por KultureCity.",Certificación KultureCity Sensory Inclusive anunciada en la web oficial del estadio.,"Sala sensorial, mochilas sensoriales en préstamo, personal formado.",KultureCity Sensory Inclusive,Verificado - Fuente oficial,https://www.lucasoilstadium.com,https://www.lucasoilstadium.com/lucas-oil-stadium-is-certified-sensory-inclusive/,https://www.lucasoilstadium.com/lucas-oil-stadium-is-certified-sensory-inclusive/,2026-07-20
INTL-005,Gillette Stadium,Estadio,1 Patriot Pl,,,Estados Unidos,US,42.090908,-71.264709,"Estadio de los New England Patriots (NFL), con sala sensorial y certificación Sensory Inclusive de KultureCity.",Certificación KultureCity Sensory Inclusive y sala sensorial anunciadas en la web oficial del estadio.,"Sala sensorial, mochilas sensoriales en préstamo, personal formado.",KultureCity Sensory Inclusive,Verificado - Fuente oficial,https://www.gillettestadium.com,https://www.gillettestadium.com/gillette-stadium-announces-addition-of-sensory-room-and-certification-as-sensory-inclusive-stadium/,https://www.gillettestadium.com/gillette-stadium-announces-addition-of-sensory-room-and-certification-as-sensory-inclusive-stadium/,2026-07-20
INTL-006,Bank of America Stadium,Estadio,800 S Mint St,Charlotte,NC,Estados Unidos,US,35.225845,-80.853607,"Estadio de los Carolina Panthers (NFL), certificado como recinto Sensory Inclusive por KultureCity.",Certificación KultureCity Sensory Inclusive anunciada en la web oficial del equipo/estadio.,"Sala sensorial, mochilas sensoriales en préstamo, personal formado.",KultureCity Sensory Inclusive,Verificado - Fuente oficial,https://www.panthers.com,https://www.panthers.com/news/bank-of-america-stadium-certified-as-a-kulturecity-sensory-inclusive-venue,https://www.panthers.com/news/bank-of-america-stadium-certified-as-a-kulturecity-sensory-inclusive-venue,2026-07-20
INTL-007,Emirates Park Zoo and Resort,Zoológico,"12th Street, Al Bahyah",Abu Dabi,,Emiratos Árabes Unidos,AE,24.545707,54.67369,Zoológico y resort certificado como Certified Autism Center (CAC) por IBCCES.,Listado como sede certificada IBCCES CAC en el directorio de viajes de Autism Travel.,Personal formado en sensibilización sobre autismo (según certificación IBCCES CAC).,IBCCES Certified Autism Center (CAC),Verificado - Documentación pública,https://emiratesparkzooandresort.com,,https://autismtravel.com/travel-directory/,2026-07-20
INTL-008,Dubai Aquarium & Underwater Zoo,Acuario,"Level 2, The Dubai Mall, Downtown Dubai",Dubái,,Emiratos Árabes Unidos,AE,25.199514,55.277397,Acuario certificado como Certified Autism Center (CAC) por IBCCES.,Listado como sede certificada IBCCES CAC en el directorio de viajes de Autism Travel.,Personal formado en sensibilización sobre autismo (según certificación IBCCES CAC).,IBCCES Certified Autism Center (CAC),Verificado - Documentación pública,https://thedubaiaquarium.com,,https://autismtravel.com/travel-directory/,2026-07-20
INTL-009,LEGOLAND California Resort,Parque temático,1 Legoland Dr,Carlsbad,CA,Estados Unidos,US,33.126475,-117.311376,"Parque temático, parque acuático y hoteles certificados como Certified Autism Center (CAC) por IBCCES desde 2022.",Certificación IBCCES CAC anunciada por IBCCES y confirmada en el centro de ayuda oficial del resort.,"Guías sensoriales por atracción, sala sensorial en el DUPLO Family Care Center, hora sensory-friendly diaria.",IBCCES Certified Autism Center (CAC),Verificado - Fuente oficial,https://www.legoland.com/california/,https://california-support.legoland.com/hc/en-us/articles/25007290318493-How-does-LEGOLAND-California-Resort-support-guests-with-autism,https://ibcces.org/blog/2023/02/06/legolandus/,2026-07-20
INTL-010,LEGOLAND Florida Resort,Parque temático,1 Legoland Way,Winter Haven,FL,Estados Unidos,US,27.987982,-81.691579,"Primer resort de parques temáticos en obtener la certificación Certified Autism Center (CAC) de IBCCES, en abril de 2022.",Certificación IBCCES CAC anunciada por IBCCES y confirmada en la página oficial de accesibilidad del resort.,"Guías sensoriales por atracción, salas sensoriales en DUPLO Valley, primeros auxilios y Water Park.",IBCCES Certified Autism Center (CAC),Verificado - Fuente oficial,https://www.legoland.com/florida/,https://www.legoland.com/florida/plan-your-visit/know-before-you-go/accessibility-information/,https://ibcces.org/blog/2022/04/28/legoland-florida/,2026-07-20
INTL-011,LEGOLAND New York Resort,Parque temático,1 Legoland Way,Goshen,NY,Estados Unidos,US,41.37687,-74.31438,Parque temático certificado como Certified Autism Center (CAC) por IBCCES.,Certificación IBCCES CAC documentada en la propia página oficial del resort dedicada a la certificación.,"Guías sensoriales por atracción, sala sensorial, personal formado en sensibilización sobre autismo.",IBCCES Certified Autism Center (CAC),Verificado - Fuente oficial,https://www.legoland.com/new-york/,https://www.legoland.com/new-york/plan-your-visit/know-before-you-go/certified-autism-center/,https://www.legoland.com/new-york/plan-your-visit/know-before-you-go/certified-autism-center/,2026-07-20
INTL-012,LEGOLAND Korea Resort,Parque temático,,Chuncheon,Gangwon,Corea del Sur,KR,,,Parque temático certificado como Certified Autism Center (CAC) por IBCCES.,Certificación IBCCES CAC anunciada en el blog oficial de IBCCES.,"Guías sensoriales por atracción, personal formado en sensibilización sobre autismo.",IBCCES Certified Autism Center (CAC),Verificado - Fuente oficial,https://www.legoland.kr,https://ibcces.org/blog/2024/04/19/legoland-korea-resort/,https://ibcces.org/blog/2024/04/19/legoland-korea-resort/,2026-07-20
INTL-013,LEGOLAND Japan Resort,Parque temático,,Nagoya,Aichi,Japón,JP,,,Primer parque temático de Japón en obtener la certificación Certified Autism Center (CAC) de IBCCES.,Certificación IBCCES CAC anunciada en el blog oficial de IBCCES.,"Guías sensoriales por atracción, personal formado en sensibilización sobre autismo.",IBCCES Certified Autism Center (CAC),Verificado - Fuente oficial,https://www.legoland.jp,https://ibcces.org/blog/2024/06/27/legoland-japan-resort/,https://ibcces.org/blog/2024/06/27/legoland-japan-resort/,2026-07-20
INTL-014,SeaWorld Orlando,Parque temático / zoológico marino,7007 Sea World Dr,Orlando,FL,Estados Unidos,US,28.411456,-81.461705,Parque certificado como Certified Autism Center (CAC) por IBCCES desde el 2 de abril de 2019.,Certificación IBCCES CAC anunciada tanto por IBCCES como en el blog oficial del parque.,"Guía sensorial del parque, personal formado en sensibilización sobre autismo, recursos de planificación previa a la visita.",IBCCES Certified Autism Center (CAC),Verificado - Fuente oficial,https://seaworld.com/orlando/,https://seaworld.com/orlando/blog/certified-autism-center-awareness-2020/,https://ibcces.org/blog/2019/04/02/seaworld-orlando-is-now-a-certified-autism-center/,2026-07-20
INTL-015,Aquatica Orlando,Parque acuático,5800 Water Play Way,Orlando,FL,Estados Unidos,US,28.41562,-81.45697,Primer parque acuático del mundo certificado como Certified Autism Center (CAC) por IBCCES.,Certificación IBCCES CAC documentada en el blog oficial del parque (grupo SeaWorld).,"Personal formado en sensibilización sobre autismo, recursos de planificación previa a la visita.",IBCCES Certified Autism Center (CAC),Verificado - Fuente oficial,https://seaworld.com/orlando/aquatica/,https://seaworld.com/orlando/blog/florida-autism-friendly-water-park/,https://seaworld.com/orlando/blog/florida-autism-friendly-water-park/,2026-07-20
INTL-016,Discovery Cove,Resort de día todo incluido,6000 Discovery Cove Way,Orlando,FL,Estados Unidos,US,28.4032,-81.457,"Primer resort de día todo incluido y parque de interacción con animales de EE. UU. certificado como Certified Autism Center (CAC) por IBCCES, desde 2019.",Certificación IBCCES CAC documentada tanto por IBCCES como en la propia página oficial del parque.,"Guías sensoriales, espacios de calma designados, personal formado en sensibilización sobre autismo.",IBCCES Certified Autism Center (CAC),Verificado - Fuente oficial,https://discoverycove.com/orlando/,https://discoverycove.com/orlando/help/guests-with-disabilities/certified-autism-center/,https://ibcces.org/blog/2023/03/08/discoverycove/,2026-07-20
INTL-017,Western Maryland Scenic Railroad,Ferrocarril turístico,13 Canal St,Cumberland,MD,Estados Unidos,US,,,Ferrocarril turístico patrimonial certificado como Certified Autism Center (CAC) por IBCCES.,"Certificación IBCCES CAC (renovación) documentada por Autism Travel, el portal de directorios de IBCCES.",Personal formado en sensibilización sobre autismo.,IBCCES Certified Autism Center (CAC),Verificado - Documentación pública,https://wmsr.com,https://autismtravel.com/2026/07/16/wmsr-renewal/,https://autismtravel.com/2026/07/16/wmsr-renewal/,2026-07-20
INTL-018,Ripley's Aquarium of Canada,Acuario,288 Bremner Blvd,Toronto,ON,Canadá,CA,43.642403,-79.385971,Primer acuario de Canadá certificado como Certified Autism Center (CAC) por IBCCES.,"Certificación IBCCES CAC (renovación) documentada por Autism Travel, el portal de directorios de IBCCES.","Personal formado en sensibilización sobre autismo, recursos de planificación previa a la visita.",IBCCES Certified Autism Center (CAC),Verificado - Documentación pública,https://www.ripleyaquariums.com/canada/,https://ibcces.org/blog/2024/04/16/ripleys-aquarium-of-canada-renewal/,https://ibcces.org/blog/2024/04/16/ripleys-aquarium-of-canada-renewal/,2026-07-20
INTL-019,AAMI Park,Estadio,60 Olympic Blvd,Melbourne,Victoria,Australia,AU,-37.824986,144.983261,Estadio deportivo certificado como recinto Sensory Inclusive por KultureCity.,Ficha del recinto en el directorio oficial de sedes certificadas de KultureCity.,"Mochilas sensoriales en préstamo, personal formado, según certificación KultureCity.",KultureCity Sensory Inclusive,Verificado - Documentación pública,https://aami-park.com.au,https://venue.kulturecity.org/venues/aami-park,https://venue.kulturecity.org/venues/aami-park,2026-07-20
INTL-020,Dublin Airport,Aeropuerto,,Dublín,,Irlanda,IE,53.426448,-6.24991,"Aeropuerto con sala sensorial dedicada, documentada en su propia página oficial de accesibilidad.",Sala sensorial descrita en la página oficial de accesibilidad del aeropuerto.,Sala sensorial dedicada.,,Verificado - Fuente oficial,https://www.dublinairport.com,https://www.dublinairport.com/accessibility/sensory-room,https://www.dublinairport.com/accessibility/sensory-room,2026-07-20
INTL-021,Aeropuerto de Alicante-Elche Miguel Hernández,Aeropuerto,,Elche,Alicante,España,ES,38.2822,-0.55816,Aeropuerto gestionado por Aena que cuenta con una Sala Sensorial para pasajeros con autismo u otras neurodivergencias.,Sala Sensorial anunciada en comunicado de prensa oficial de Aena.,Sala Sensorial.,,Verificado - Fuente oficial,https://www.aena.es,https://www.aena.es/es/prensa/el-aeropuerto-de-alicante-elche-miguel-hernandez-abre-la-sala-sensorial.html,https://www.aena.es/es/prensa/el-aeropuerto-de-alicante-elche-miguel-hernandez-abre-la-sala-sensorial.html,2026-07-20
INTL-022,Aeropuerto Josep Tarradellas Barcelona-El Prat,Aeropuerto,,El Prat de Llobregat,Barcelona,España,ES,41.2971,2.0785,Aeropuerto gestionado por Aena que cuenta con una Sala Sensorial para pasajeros con autismo u otras neurodivergencias.,"Sala Sensorial confirmada por un medio especializado en discapacidad, que cita el anuncio de Aena.",Sala Sensorial.,,Verificado - Prensa o medio reconocido,https://www.aena.es,,https://tododisca.es/discapacidad/sala-sensorial-personas-autismo-solo-dos-aeropuertos-espana/,2026-07-20
INTL-023,Museu Oscar Niemeyer,Museo,"R. Marechal Hermes, 999",Curitiba,Paraná,Brasil,BR,-25.410228,-49.266134,Museo de arte que dispone de una Sala de Acomodação Sensorial (sala de acomodación sensorial) para visitantes autistas o neurodivergentes.,Sala de acomodación sensorial y préstamo de auriculares antirruido descritos en la página oficial de accesibilidad del museo.,"Sala de acomodación sensorial, auriculares antirruido en préstamo, cordón identificativo Sunflower.",,Verificado - Fuente oficial,https://www.museuoscarniemeyer.org.br,https://www.museuoscarniemeyer.org.br/faq/acessibilidade,https://www.museuoscarniemeyer.org.br/faq/acessibilidade,2026-07-20
INTL-024,Aeroporto Internacional Tom Jobim (Galeão),Aeropuerto,,Rio de Janeiro,Rio de Janeiro,Brasil,BR,-22.81,-43.2506,Aeropuerto que inauguró una sala sensorial para pasajeros con trastorno del espectro autista.,Inauguración de sala sensorial cubierta por prensa especializada en accesibilidad y autismo.,Sala sensorial en área de embarque.,,Verificado - Prensa o medio reconocido,https://www.riogaleao.com,,https://aeroin.net/aeroporto-do-galeao-inaugura-sala-sensorial-para-passageiros-com-transtorno-do-espectro-autista/,2026-07-20
INTL-025,Aeropuerto Internacional de Tocumen,Aeropuerto,,Panamá,,Panamá,PA,9.07136,-79.3835,Primera sala sensorial de Centroamérica y el Caribe para pasajeros con autismo u otras neurodivergencias.,Inauguración de sala sensorial cubierta por prensa y por una organización de defensa de derechos de personas con discapacidad.,Sala sensorial.,,Verificado - Prensa o medio reconocido,https://www.tocumenpanama.aero,,https://integrapanama.org/2025/07/28/sala-sensorial-aeropuerto-tocumen-autismo-panama/,2026-07-20
INTL-026,Orlando International Airport (MCO),Aeropuerto,,Orlando,FL,Estados Unidos,US,28.424618,-81.310753,"Aeropuerto certificado Certified Autism Center™ por IBCCES desde abril de 2024, con la sala sensorial ""Annie's Space"" en la Terminal A.","Certificación IBCCES CAC y sala sensorial ""Annie's Space"" documentadas en comunicados y páginas oficiales del aeropuerto.","Sala sensorial ""Annie's Space"" (Terminal A, Nivel 3, junto al food court, 7:00-21:00h), perros de terapia, personal formado.",IBCCES Certified Autism Center (CAC),Verificado - Fuente oficial,https://flymco.com,https://flymco.com/accessibility/annies-space-sensory-room/,https://flymco.com/media/press-releases/item/a-cozy-comfort-launches-at-mco-annies-space-sensory-room-welcomes-travelers/,2026-07-20
INTL-027,Newark Liberty International Airport – Terminal A,Aeropuerto,,Newark,NJ,Estados Unidos,US,40.689491,-74.174538,"La Terminal A cuenta con dos salas sensoriales (antes y después del control de seguridad), diseñadas con el Anderson Center for Autism e integradas con el programa TSA Cares.",Dos salas sensoriales anunciadas en comunicado de prensa oficial de la Port Authority of NY & NJ.,"Sala sensorial previa a seguridad (tema fluvial de Nueva Jersey) y sala sensorial posterior a seguridad (simulador de cabina de avión), programa TSA Cares.",Certificada por Anderson Center for Autism,Verificado - Fuente oficial,https://www.newarkairport.com,https://www.newarkairport.com/explore-ewr/terminals/terminal-a/terminal-a-accessibility-features,https://www.panynj.gov/port-authority/en/press-room/press-release-archives/2025-press-releases/newark-liberty-international-airport-s-terminal-a-debuts-second-.html,2026-07-20
INTL-028,San José Mineta International Airport (SJC),Aeropuerto,1701 Airport Blvd,San José,CA,Estados Unidos,US,37.363949,-121.92894,"Aeropuerto que, en colaboración con Nutanix y el Children's Discovery Museum of San Jose, está construyendo la sala sensorial ""The Nest by Nutanix"" (apertura prevista invierno de 2026).","Anuncio oficial conjunto del aeropuerto, Nutanix y Children's Discovery Museum of San Jose.","Sala sensorial ""The Nest by Nutanix"", en construcción — apertura prevista invierno de 2026.",,Verificado - Fuente oficial,https://www.flysanjose.com,https://www.flysanjose.com/news-release/sensory-room,https://www.flysanjose.com/news-release/sensory-room,2026-07-20
INTL-029,American Museum of Natural History,Museo,200 Central Park West,Nueva York,NY,Estados Unidos,US,40.781324,-73.973988,"Museo con sala sensorial permanente (Planta 1) y el programa ""Discovery Squad"" para familias autistas, desarrollado con el Seaver Autism Center (Icahn School of Medicine at Mount Sinai).",Sala sensorial y programas documentados en la página oficial de accesibilidad del museo.,"Sala sensorial permanente (hasta 15 personas, sin reserva), mochilas sensoriales en préstamo, guía sensorial por planta, programa Discovery Squad.",,Verificado - Fuente oficial,https://www.amnh.org,https://www.amnh.org/plan-your-visit/accessibility/sensory-resources-for-visitors,https://www.amnh.org/plan-your-visit/accessibility/sensory-resources-for-visitors,2026-07-20
INTL-030,Houston Museum of Natural Science,Museo,5555 Hermann Park Dr,Houston,TX,Estados Unidos,US,29.722013,-95.389633,"Museo certificado Certified Autism Center™ por IBCCES desde febrero de 2020, con sala sensorial permanente.",Certificación IBCCES CAC anunciada oficialmente por el museo.,"Sala sensorial permanente (Duncan Wing, planta baja), mochilas sensoriales en préstamo, eventos ""Sensory Friendly"" tres veces al año, app Access HMNS.",IBCCES Certified Autism Center (CAC),Verificado - Fuente oficial,https://www.hmns.org,https://www.hmns.org/visit/accessibility/,https://blog.hmns.org/2020/02/houston-museum-of-natural-science-is-now-a-certified-autism-center/,2026-07-20
INTL-031,Museum of the American Revolution,Museo,101 S 3rd St,Filadelfia,PA,Estados Unidos,US,39.948371,-75.145845,Museo certificado Certified Autism Center™ por IBCCES desde 2019.,Certificación IBCCES CAC anunciada oficialmente por el museo.,"Guía sensorial, auriculares antirruido en préstamo, sala tranquila con proyección de las películas del museo, ""Relaxed Experience Mornings"" trimestrales.",IBCCES Certified Autism Center (CAC),Verificado - Fuente oficial,https://www.amrevmuseum.org,https://www.amrevmuseum.org/press-releases/museum-of-the-american-revolution-earns-the-certified-autism-center-designation,https://www.amrevmuseum.org/press-releases/museum-of-the-american-revolution-earns-the-certified-autism-center-designation,2026-07-20
INTL-032,Kennedy Space Center Visitor Complex,Centro espacial / museo,,Merritt Island,FL,Estados Unidos,US,28.515556,-80.681667,Centro de visitantes certificado Certified Autism Center™ por IBCCES.,Certificación IBCCES CAC anunciada en la sala de prensa oficial del centro.,"Guía sensorial actualizada, zonas designadas de baja estimulación sensorial, auriculares antirruido en préstamo, personal formado.",IBCCES Certified Autism Center (CAC),Verificado - Fuente oficial,https://www.kennedyspacecenter.com,https://www.kennedyspacecenter.com/info/plan-your-visit/accessibility-information/,https://media.kennedyspacecenter.com/kscvc-is-now-an-certified-autism-center/,2026-07-20
INTL-033,The Florida Aquarium,Acuario,701 Channelside Dr,Tampa,FL,Estados Unidos,US,27.9398,-82.4403,"Acuario con el programa ""A Day of Discovery"", una experiencia adaptada para visitantes con diferencias sensoriales, desarrollado con el Center for Autism and Related Disabilities (C.A.R.D.) de la USF.",Programa de accesibilidad sensorial documentado en la página oficial de accesibilidad del acuario.,"Programa ""A Day of Discovery"" (visita adaptada) en colaboración con USF C.A.R.D.",,Verificado - Fuente oficial,https://www.flaquarium.org,https://www.flaquarium.org/visit/visitor-information/accessibility/,https://www.flaquarium.org/visit/visitor-information/accessibility/,2026-07-20
INTL-034,Georgia Aquarium,Acuario,225 Baker St NW,Atlanta,GA,Estados Unidos,US,33.763382,-84.39511,"Primer acuario del mundo certificado Certified Autism Center™ por IBCCES, desde octubre de 2018.",Certificación IBCCES CAC anunciada oficialmente por el acuario.,"Horas ""Sensory Friendly"" mensuales (último domingo, 8:00-10:00h, con pantallas apagadas e iluminación reducida), personal formado.",IBCCES Certified Autism Center (CAC),Verificado - Fuente oficial,https://www.georgiaaquarium.org,https://www.georgiaaquarium.org/resource-center/press-releases/georgia-aquarium-becomes-first-aquarium-designated-as-a-certified-autism-center/,https://www.georgiaaquarium.org/resource-center/press-releases/georgia-aquarium-becomes-first-aquarium-designated-as-a-certified-autism-center/,2026-07-20
INTL-035,Ripley's Aquarium of the Smokies,Acuario,88 River Rd,Gatlinburg,TN,Estados Unidos,US,35.7143,-83.513443,"Acuario certificado Certified Autism Center™ por IBCCES desde 2019, primer destino de Tennessee con esta certificación.",Certificación IBCCES CAC documentada por IBCCES/Autism Travel.,"""Sensory Friendly Night"" periódicas, ""Autism Family Day"" anual, personal formado en sensibilización sobre autismo.",IBCCES Certified Autism Center (CAC),Verificado - Documentación pública,https://www.ripleyaquariums.com/gatlinburg/,https://autismtravel.com/2019/06/18/ripleys-aquarium-of-the-smokies/,https://ibcces.org/blog/2019/06/18/ripleys-aquarium-of-the-smokies/,2026-07-20
INTL-036,Children's Museum of Pittsburgh,Museo infantil,10 Children's Way,Pittsburgh,PA,Estados Unidos,US,40.451562,-80.006819,"Museo infantil con tardes ""Sensory Friendly"" mensuales y recursos sensoriales permanentes.","Programa ""Sensory Friendly Afternoons"" y recursos sensoriales documentados en la página oficial de accesibilidad del museo.","""Sensory Friendly Afternoons"" (segundo martes de cada mes, 13:00-17:00h, iluminación y sonido reducidos), kits sensoriales, varias zonas tranquilas designadas.",,Verificado - Fuente oficial,https://pittsburghkids.org,https://pittsburghkids.org/visit-2/plan-your-visit/accessibility/,https://pittsburghkids.org/visit-2/plan-your-visit/accessibility/,2026-07-20
INTL-037,Denver Museum of Nature & Science,Museo,2001 Colorado Blvd,Denver,CO,Estados Unidos,US,39.74754,-104.94286,"Museo con recursos sensoriales permanentes y noches de baja estimulación sensorial, en colaboración con el programa ""Opening Doors"" de la Autism Society of Colorado.",Recursos y programa sensorial documentados en la página oficial de accesibilidad del museo.,"Mochila SPARK (Sensory Processing and Autism Resource Kit) en préstamo, sesiones de cine ""Sensory Friendly"", noches de baja estimulación cuatro veces al año.",,Verificado - Fuente oficial,https://www.dmns.org,https://www.dmns.org/visit/accessibility/,https://www.dmns.org/visit/accessibility/,2026-07-20
INTL-038,Cincinnati/Northern Kentucky International Airport (CVG),Aeropuerto,2939 Terminal Dr,Hebron,KY,Estados Unidos,US,39.053276,-84.663017,Aeropuerto con sala sensorial infantil en el Concourse A.,Sala sensorial documentada en la página oficial de accesibilidad del aeropuerto.,"Sala sensorial infantil (Concourse A, junto a Over the Rhine Market), área de juegos infantil (Concourse B).",,Verificado - Fuente oficial,https://www.cvgairport.com,https://www.cvgairport.com/accessibility/,https://www.cvgairport.com/accessibility/,2026-07-20
INTL-039,Morgan's Wonderland,Parque temático inclusivo,5223 David Edwards Dr,San Antonio,TX,Estados Unidos,US,29.539166,-98.39278,"Primer parque temático ""ultra-accesible"" del mundo, diseñado desde su origen (2010) para ser disfrutado por personas con cualquier discapacidad física, cognitiva o sensorial.",Diseño y programa de accesibilidad íntegra documentados en la página oficial del parque; entrada gratuita para personas con necesidades especiales.,"Todo el parque diseñado para accesibilidad sensorial, cognitiva y física; entrada gratuita para visitantes con necesidades especiales.",,Verificado - Fuente oficial,https://morganswonderland.org,https://morganswonderland.org/,https://morganswonderland.org/,2026-07-20
INTL-040,Morgan's Inspiration Island,Parque acuático inclusivo,5223 David Edwards Dr,San Antonio,TX,Estados Unidos,US,29.539166,-98.39278,"Primer parque acuático ""ultra-accesible"" del mundo, dentro del complejo de Morgan's Wonderland, con sillas acuáticas y adaptaciones para cualquier discapacidad.",Diseño y programa de accesibilidad íntegra documentados en la página oficial del parque; entrada gratuita para personas con necesidades especiales.,"Todo el parque diseñado para accesibilidad sensorial, cognitiva y física; sillas acuáticas (PneuChairs) en préstamo; entrada gratuita para visitantes con necesidades especiales.",,Verificado - Fuente oficial,https://morganswonderland.org/park/morgans-inspiration-island/,https://morganswonderland.org/park/morgans-inspiration-island/,https://morganswonderland.org/park/morgans-inspiration-island/,2026-07-20
INTL-041,Sesame Place Philadelphia,Parque temático,100 Sesame Rd,Langhorne,PA,Estados Unidos,US,40.184184,-74.872487,"Primer parque temático del mundo certificado como Certified Autism Center™ por IBCCES, desde 2018.",Certificación IBCCES CAC (renovada en 2026) documentada por IBCCES y Autism Travel.,"Guía sensorial por atracción, personal formado en sensibilización sobre autismo, espacios tranquilos designados.",IBCCES Certified Autism Center (CAC),Verificado - Fuente oficial,https://sesameplace.com/philadelphia/,https://sesameplace.com/philadelphia/help/accessibility-guide/,https://ibcces.org/blog/2026/04/21/sesameplace-philadelphia-cac/,2026-07-20
INTL-042,Peppa Pig Theme Park Florida,Parque temático,1 Legoland Way,Winter Haven,FL,Estados Unidos,US,27.987982,-81.691579,"Parque temático infantil certificado como Certified Autism Center™ por IBCCES, junto a LEGOLAND Florida Resort.",Certificación IBCCES CAC anunciada en el blog oficial de IBCCES antes de la apertura del parque.,"Guía sensorial por atracción (revisión detallada de IBCCES), personal formado en sensibilización sobre autismo.",IBCCES Certified Autism Center (CAC),Verificado - Fuente oficial,https://peppapigthemepark.com/florida/,https://peppapigthemepark.com/florida/help/accessibility/,https://ibcces.org/blog/2021/11/16/peppa-pig-theme-park-reveals-new-accessible-ride-vehicle-and-will-open-as-a-certified-autism-center/,2026-07-20
INTL-043,Dorney Park & Wildwater Kingdom,Parque temático,4000 Dorney Park Rd,Allentown,PA,Estados Unidos,US,40.578419,-75.533218,Parque temático y acuático certificado como Certified Autism Center™ por IBCCES desde 2019.,Certificación IBCCES CAC anunciada oficialmente y cubierta por prensa regional.,"Sala sensorial y tranquila, programa de ""boarding pass"", espacios exteriores tranquilos.",IBCCES Certified Autism Center (CAC),Verificado - Prensa o medio reconocido,https://www.dorneypark.com,https://www.dorneypark.com/accessibility,https://www.wfmz.com/news/area/lehighvalley/dorney-park-officially-a-certified-autism-center/article_9101412a-e5e0-11e9-80fb-17b10e983d2b.html,2026-07-20
INTL-044,Kennywood,Parque temático,4800 Kennywood Blvd,West Mifflin,PA,Estados Unidos,US,40.38762,-79.86398,Parque temático certificado como Certified Autism Center™ por IBCCES desde 2019.,Certificación IBCCES CAC anunciada en el blog oficial de IBCCES.,"Mochilas sensoriales (tapones para los oídos, fidget, libros para colorear), identificación de zonas de baja afluencia.",IBCCES Certified Autism Center (CAC),Verificado - Fuente oficial,https://www.kennywood.com,https://www.kennywood.com/plan-your-visit/accessibility,https://ibcces.org/blog/2019/04/17/kennywood-becomes-certified-autism-center/,2026-07-20
INTL-045,Story Land,Parque temático,850 NH Route 16,Glen,NH,Estados Unidos,US,44.115837,-71.182494,"Primer parque temático de New Hampshire certificado como Certified Autism Center™ por IBCCES, desde 2019.",Certificación IBCCES CAC documentada por Autism Travel/Accessibility Certified y prensa especializada del sector.,"Sala de calma, zona de comedor tranquila, ""Sensory Sensitive Weekends"" con música y megafonía reducidas.",IBCCES Certified Autism Center (CAC),Verificado - Documentación pública,https://www.storylandnh.com,https://www.storylandnh.com,https://certifiedautismcenter.com/2019/07/11/story-land/,2026-07-20
INTL-046,Six Flags Over Texas,Parque temático,2201 Road To Six Flags,Arlington,TX,Estados Unidos,US,32.755047,-97.070389,"Parque temático certificado como Certified Autism Center™ por IBCCES, como parte de la certificación de los 26 parques de Six Flags en 2020.","Certificación IBCCES CAC de toda la cadena Six Flags, documentada por IBCCES y Autism Travel.","Guía sensorial por atracción, ""Attraction Access Pass"", personal formado en sensibilización sobre autismo.",IBCCES Certified Autism Center (CAC),Verificado - Fuente oficial,https://www.sixflags.com/overtexas,https://www.sixflags.com/overtexas/plan-your-visit/accessibility,https://autismtravel.com/2020/02/06/six-flags/,2026-07-20
INTL-047,Six Flags Fiesta Texas,Parque temático,17000 IH-10 West,San Antonio,TX,Estados Unidos,US,29.599377,-98.608986,"Parque temático certificado como Certified Autism Center™ por IBCCES, como parte de la certificación de los 26 parques de Six Flags en 2020.","Certificación IBCCES CAC de toda la cadena Six Flags, documentada por IBCCES y Autism Travel.","Guía sensorial por atracción, ""Attraction Access Pass"", personal formado en sensibilización sobre autismo.",IBCCES Certified Autism Center (CAC),Verificado - Fuente oficial,https://www.sixflags.com/fiestatexas,https://www.sixflags.com/fiestatexas/plan-your-visit/accessibility,https://autismtravel.com/2020/02/06/six-flags/,2026-07-20
INTL-048,San Diego Zoo,Zoológico,2920 Zoo Dr,San Diego,CA,Estados Unidos,US,32.7347,-117.1509,"Zoológico certificado como recinto Sensory Inclusive por KultureCity, en Balboa Park.",Certificación KultureCity Sensory Inclusive documentada en el blog oficial de San Diego Zoo Wildlife Alliance.,"Mochilas sensoriales en préstamo (auriculares antirruido, fidgets, mapa de zonas tranquilas), ""social story"" previa a la visita.",KultureCity Sensory Inclusive,Verificado - Fuente oficial,https://zoo.sandiegozoo.org,https://zoo.sandiegozoo.org/visit/guests-with-disabilities,https://blogs.sandiegozoo.org/2021/11/04/the-quiet-place-sdzwa-teams-with-kulturecity/,2026-07-20
INTL-049,San Diego Zoo Safari Park,Zoológico,15500 San Pasqual Valley Rd,Escondido,CA,Estados Unidos,US,33.097446,-116.995723,Parque safari certificado como recinto Sensory Inclusive por KultureCity.,Certificación KultureCity Sensory Inclusive documentada en el blog oficial de San Diego Zoo Wildlife Alliance.,"Mochilas sensoriales en préstamo, Easy Access Pass para el tranvía Africa Tram, ""social story"" previa a la visita.",KultureCity Sensory Inclusive,Verificado - Fuente oficial,https://sdzsafaripark.org,https://zoo.sandiegozoo.org/visit/guests-with-disabilities,https://blogs.sandiegozoo.org/2021/11/04/the-quiet-place-sdzwa-teams-with-kulturecity/,2026-07-20
INTL-050,Elmwood Park Zoo,Zoológico,1661 Harding Blvd,Norristown,PA,Estados Unidos,US,,,"Primer zoológico del mundo certificado como Certified Autism Center™ por IBCCES, desde mayo de 2018.",Certificación IBCCES CAC (renovada en 2024) documentada en la página oficial del zoológico.,"Guía sensorial del recinto, personal formado en sensibilización sobre autismo.",IBCCES Certified Autism Center (CAC),Verificado - Fuente oficial,https://elmwoodparkzoo.org,https://www.elmwoodparkzoo.org/elmwood-park-zoos-autism-certification/,https://ibcces.org/blog/2024/05/15/elmwood-park-zoo-renewal/,2026-07-20
INTL-051,Santa Barbara Zoo,Zoológico,500 Ninos Dr,Santa Barbara,CA,Estados Unidos,US,34.420405,-119.667095,"Primer zoológico de la costa oeste de EE. UU. certificado como Certified Autism Center™ por IBCCES, desde 2018.",Certificación IBCCES CAC (renovada en 2026) documentada por IBCCES y prensa local.,"Personal formado en sensibilización sobre autismo, recursos de planificación previa a la visita.",IBCCES Certified Autism Center (CAC),Verificado - Fuente oficial,https://www.sbzoo.org,https://www.sbzoo.org/visit/accessibility/,https://ibcces.org/blog/2026/04/07/santa-barbara-zoo-recertify/,2026-07-20
INTL-052,National Aquarium,Acuario,501 E Pratt St,Baltimore,MD,Estados Unidos,US,39.285037,-76.608236,"Acuario certificado como recinto Sensory Inclusive por KultureCity, en el Inner Harbor de Baltimore.",Certificación KultureCity Sensory Inclusive documentada en el directorio oficial de KultureCity y en la web oficial del acuario.,"""Guest Relations Room"" (sala tranquila, planta 1), mochilas sensoriales, guía social previa a la visita.",KultureCity Sensory Inclusive,Verificado - Fuente oficial,https://aqua.org,https://aqua.org/visit/accessibility,https://venue.kulturecity.org/venues/national-aquarium,2026-07-20
INTL-053,Shedd Aquarium,Acuario,1200 S DuSable Lake Shore Dr,Chicago,IL,Estados Unidos,US,41.867579,-87.613607,Acuario certificado como recinto Sensory Inclusive por KultureCity.,Certificación KultureCity documentada en un comunicado de prensa oficial del acuario.,"Mochilas sensoriales en préstamo, Sala Tranquila, eventos ""Calm Waters"", app sensorial gratuita (con Infiniteach).",KultureCity Sensory Inclusive,Verificado - Fuente oficial,https://www.sheddaquarium.org,https://www.sheddaquarium.org/plan-a-visit/accessibility,https://www.sheddaquarium.org/about-shedd/press-releases/kulture-city-certification,2026-07-20
